﻿Manufacturer Company,SCHID,Specification,URL Links,Version,Lengths [mm] *1,Specification Status,From (Unit),To (Unit),Interface type,EMC Class,Comments (Password: GEN4)
ICEYE,C-D422-032,01_CAN_v2,https://iceye.box.com/s/ndaqywes1pxtre4i681cswwqozaiokco,7,130,4 - IM - RHM,CDR 11 (P14),CDR 9 (P15),Data Link,5,DONE
ICEYE,C-D422-033,01_CAN_v2,https://iceye.box.com/s/ndaqywes1pxtre4i681cswwqozaiokco,7,,3 - WFL,CDR 9 (P14),CDR 7 (P15),Data Link,5,
ICEYE,C-D422-034,01_CAN_v2,https://iceye.box.com/s/ndaqywes1pxtre4i681cswwqozaiokco,7,130,4 - IM - RHM,CDR 7 (P14),CDR 5 (P15),Data Link,5,DONE
ICEYE,C-D422-035,01_CAN_v2,https://iceye.box.com/s/ndaqywes1pxtre4i681cswwqozaiokco,7,130,4 - IM - RHM,CDR 5 (P14),CDR 3 (P15),Data Link,5,DONE
ICEYE,C-D422-036,01_CAN_v2,https://iceye.box.com/s/ndaqywes1pxtre4i681cswwqozaiokco,7,130,4 - IM - RHM,CDR 3 (P14),CDR 1 (P15),Data Link,5,DONE
ICEYE,C-D422-037,01_CAN_v2,https://iceye.box.com/s/ndaqywes1pxtre4i681cswwqozaiokco,7,950,4 - IM - RHM,CDR 1 (P14),CDR 2 (P15),Data Link,5,DONE
ICEYE,C-D422-038,01_CAN_v2,https://iceye.box.com/s/ndaqywes1pxtre4i681cswwqozaiokco,7,130,4 - IM - RHM,CDR 2 (P14),CDR 4 (P15),Data Link,5,DONE
ICEYE,C-D422-039,01_CAN_v2,https://iceye.box.com/s/ndaqywes1pxtre4i681cswwqozaiokco,7,130,4 - IM - RHM,CDR 4 (P14),CDR 6 (P15),Data Link,5,DONE
ICEYE,C-D422-040,01_CAN_v2,https://iceye.box.com/s/ndaqywes1pxtre4i681cswwqozaiokco,7,130,4 - IM - RHM,CDR 6 (P14),CDR 8 (P15),Data Link,5,DONE
ICEYE,C-D422-041,01_CAN_v2,https://iceye.box.com/s/ndaqywes1pxtre4i681cswwqozaiokco,7,,3 - WFL,CDR 8 (P14),CDR 10 (P15),Data Link,5,
ICEYE,C-D422-042,01_CAN_v2,https://iceye.box.com/s/ndaqywes1pxtre4i681cswwqozaiokco,7,130,4 - IM - RHM,CDR 10 (P14),CDR 12 (P15),Data Link,5,DONE
ICEYE,C-D422-043,01_CAN_v2,https://iceye.box.com/s/ndaqywes1pxtre4i681cswwqozaiokco,7,130,4 - IM - RHM,CDR 12 (P14),CDR 14 (P15),Data Link,5,DONE
ICEYE,C-D422-044,01_CAN_v2,https://iceye.box.com/s/ndaqywes1pxtre4i681cswwqozaiokco,7,130,4 - IM - RHM,CDR 14 (P14),CDR 16 (P15),Data Link,5,DONE
ICEYE,C-D422-045,01_CAN_v2,https://iceye.box.com/s/ndaqywes1pxtre4i681cswwqozaiokco,7,,3 - WFL,CDR 16 (P14),CDR 18 (P15),Data Link,5,
ICEYE,C-D422-046,01_CAN_v2,https://iceye.box.com/s/ndaqywes1pxtre4i681cswwqozaiokco,7,130,4 - IM - RHM,CDR 18 (P14),CDR 20 (P15),Data Link,5,DONE
ICEYE,C-D422-047,01_CAN_v2,https://iceye.box.com/s/ndaqywes1pxtre4i681cswwqozaiokco,7,,3 - WFL,PCM,ICU,Data Link,5,
ICEYE,C-D422-048,01_CAN_v2,https://iceye.box.com/s/ndaqywes1pxtre4i681cswwqozaiokco,7,,3 - WFL,ICU,GCM,Data Link,5,
ICEYE,C-D422-049,01_CAN_v2,https://iceye.box.com/s/ndaqywes1pxtre4i681cswwqozaiokco,7,,3 - WFL,GCM,ROBC2,Data Link,5,
ICEYE,C-D422-050,01_CAN_v2,https://iceye.box.com/s/ndaqywes1pxtre4i681cswwqozaiokco,7,,3 - WFL,ROBC2,ROBC1,Data Link,5,
ICEYE,C-D422-051,01_CAN_v2,https://iceye.box.com/s/ndaqywes1pxtre4i681cswwqozaiokco,7,,3 - WFL,ROBC1,CDR_LITE,Data Link,5,
,C-D422-052,01_CAN_v2,https://iceye.box.com/s/ndaqywes1pxtre4i681cswwqozaiokco,7,130,4 - IM - RHM,CDR 22 (P14),CDR 24 (P15),Data Link,5,DONE
ICEYE,C-D422-053,01_CAN_v2,https://iceye.box.com/s/ndaqywes1pxtre4i681cswwqozaiokco,7,,3 - WFL,CDR 24 (P14),CDR 26 (P15),Data Link,5,
ICEYE,C-D422-054,01_CAN_v2,https://iceye.box.com/s/ndaqywes1pxtre4i681cswwqozaiokco,7,130,4 - IM - RHM,CDR 26 (P14),CDR 28 (P15),Data Link,5,DONE
ICEYE,C-D422-055,01_CAN_v2,https://iceye.box.com/s/ndaqywes1pxtre4i681cswwqozaiokco,7,130,4 - IM - RHM,CDR 28 (P14),CDR 30 (P15),Data Link,5,DONE
ICEYE,C-D422-056,01_CAN_v2,https://iceye.box.com/s/ndaqywes1pxtre4i681cswwqozaiokco,7,130,4 - IM - RHM,CDR 30 (P14),CDR 32 (P15),Data Link,5,DONE
ICEYE,C-D422-057,01_CAN_v2,https://iceye.box.com/s/ndaqywes1pxtre4i681cswwqozaiokco,7,,3 - WFL,CDR 32 (P14),CDR 34 (P15),Data Link,5,
ICEYE,C-D422-058,01_CAN_v2,https://iceye.box.com/s/ndaqywes1pxtre4i681cswwqozaiokco,7,130,4 - IM - RHM,CDR 34 (P14),CDR 36 (P15),Data Link,5,DONE
ICEYE,C-D422-059,01_CAN_v2,https://iceye.box.com/s/ndaqywes1pxtre4i681cswwqozaiokco,7,130,4 - IM - RHM,CDR 36 (P14),CDR 38 (P15),Data Link,5,DONE
ICEYE,C-D422-060,01_CAN_v2,https://iceye.box.com/s/ndaqywes1pxtre4i681cswwqozaiokco,7,130,4 - IM - RHM,CDR 38 (P14),CDR 40 (P15),Data Link,5,DONE
ICEYE,C-D422-061,01_CAN_v2,https://iceye.box.com/s/ndaqywes1pxtre4i681cswwqozaiokco,7,950,4 - IM - RHM,CDR 40 (P14),CDR 39 (P15),Data Link,5,DONE
ICEYE,C-D422-062,01_CAN_v2,https://iceye.box.com/s/ndaqywes1pxtre4i681cswwqozaiokco,7,130,4 - IM - RHM,CDR 39 (P14),CDR 37 (P15),Data Link,5,DONE
ICEYE,C-D422-063,01_CAN_v2,https://iceye.box.com/s/ndaqywes1pxtre4i681cswwqozaiokco,7,130,4 - IM - RHM,CDR 37 (P14),CDR 35 (P15),Data Link,5,DONE
ICEYE,C-D422-064,01_CAN_v2,https://iceye.box.com/s/ndaqywes1pxtre4i681cswwqozaiokco,7,130,4 - IM - RHM,CDR 35 (P14),CDR 33 (P15),Data Link,5,DONE
ICEYE,C-D422-065,01_CAN_v2,https://iceye.box.com/s/ndaqywes1pxtre4i681cswwqozaiokco,7,,3 - WFL,CDR 33 (P14),CDR 31 (P15),Data Link,5,
ICEYE,C-D422-066,01_CAN_v2,https://iceye.box.com/s/ndaqywes1pxtre4i681cswwqozaiokco,7,130,4 - IM - RHM,CDR 31 (P14),CDR 29 (P15),Data Link,5,DONE
ICEYE,C-D422-067,01_CAN_v2,https://iceye.box.com/s/ndaqywes1pxtre4i681cswwqozaiokco,7,130,4 - IM - RHM,CDR 29 (P14),CDR 27 (P15),Data Link,5,DONE
ICEYE,C-D422-068,01_CAN_v2,https://iceye.box.com/s/ndaqywes1pxtre4i681cswwqozaiokco,7,130,4 - IM - RHM,CDR 27 (P14),CDR 25 (P15),Data Link,5,DONE
ICEYE,C-D422-069,01_CAN_v2,https://iceye.box.com/s/ndaqywes1pxtre4i681cswwqozaiokco,7,,3 - WFL,CDR 25 (P14),CDR 23 (P15),Data Link,5,
ICEYE,C-D422-070,01_CAN_v2,https://iceye.box.com/s/ndaqywes1pxtre4i681cswwqozaiokco,7,130,4 - IM - RHM,CDR 23 (P14),CDR 21 (P15),Data Link,5,DONE
ICEYE,C-D422-071,01_CAN_TERMINATION_v2,https://iceye.box.com/s/8il1w917bwxc6kscpkfomx2j7d5ftpcj,7,#N/A,4 - IM - RHM,CDR 21 (P14),--,Data Link,-,DONE
ICEYE,C-D422-072,33_OBC_WATCHDOG_SERIAL_v1,https://iceye.box.com/s/egi4nnwrh2va1ak06vyamsadpikbh155,7,1050,4 - IM - RHM,WDOG (P3),ROBC1 (J9),Data Link,5,DONE
ICEYE,C-D422-073,33_OBC_WATCHDOG_SERIAL_v1,https://iceye.box.com/s/egi4nnwrh2va1ak06vyamsadpikbh155,7,1280,4 - IM - RHM,WDOG (P4),ROBC2 (J9),Data Link,5,DONE
ICEYE,C-D422-074,62_PPS_OBCADPTRS_ICU_v1,https://iceye.box.com/s/10j1atu8y3o39vwvj0s4wq5dkehkujab,7,,3 - WFL,ICU (J15),ROBC1 (J2); ROBC2 (J2),Data Link,5,
ICEYE,C-D422-075,59_ICU_uXTRX_Control_v1,https://iceye.box.com/s/vnfupton7tcd3kj4812urv98qlguiov2,7,,3 - WFL,ICU (J17),uXTRX (J8),Data Link,5,
ICEYE,C-D422-076,53_ICU_uXRTX_Control_v1,https://iceye.app.box.com/file/779165923449?s=il13dhzgjkwheuy0zbsvbqgbz5f6s167,7,,3 - WFL,ICU (J7),uXRTX (J1),Data Link,5,
ICEYE,C-D422-077,64_RS485_IHB_OBCADPTRS_v1,https://iceye.box.com/s/0p5uw1kcvuezy41u7boqmjqslf5nzha2,7,A: ; B: ;,3 - WFL,IHB (P4),ROBC1 (J10); ROBC2 (J10),Data Link,5,
ICEYE,C-D422-078,76_RS485_ICU_OBCADPTRS_v1,https://iceye.box.com/s/pz25dhlk3j19ou7cokk9pkngz805fvrs,7,,3 - WFL,ICU (J6),ROBC1 (J14); ROBC2 (J14),Data Link,5,
ICEYE,C-D422-079,83_Ethernet_MicroD_Sub_v1,https://iceye.box.com/s/tilkq6tfzsf2b7m5eud7264bh48grf3k,7, See the specification,4 - IM - RHM,ROBC1,ETHSW ADPT,Data Link,5,DONE
ICEYE,C-D422-080,83_Ethernet_MicroD_Sub_v1,https://iceye.box.com/s/tilkq6tfzsf2b7m5eud7264bh48grf3k,7,See the specification,4 - IM - RHM,ROBC2,ETHSW ADPT,Data Link,5,DONE
Glenair,C-D422-081,84_Ethernet_GMMD_v1,https://iceye.box.com/s/abbw9il0mblb47hclkk84djqvxpt0jl7,7, See the specification,4 - COTS - RHV,ICU,ETHSW ADPT,Data Link,5,DONE
ICEYE,C-D422-082,02_TWO_PIN_PWR_v1,https://iceye.box.com/s/itiduatj0v8fo9w7t2zwyuzo6dvr9sqy,7,,3 - WFL,PCM,CDRL,Power Line,1,
ICEYE,C-D422-083,61_TWO_PIN_HIGH_PWR_v1,https://iceye.box.com/s/zyuyznib2kjl7nbd3fw4f5j3zisrxgkf,7,,3 - WFL,PCM,ICU,Power Line,1,
ICEYE,C-D422-084,02_TWO_PIN_PWR_v1,https://iceye.box.com/s/itiduatj0v8fo9w7t2zwyuzo6dvr9sqy,7,,3 - WFL,PCM,XTX 1 ADPT,Power Line,1,
ICEYE,C-D422-085,60_PWR_ICU_uXTRX_v1,https://iceye.box.com/s/si2x35qviuadcign3h3fi4aqlnoyfjhj,7,,3 - WFL,ICU,uXTRX,Power Line,1,
ICEYE,C-D422-086,54_PWR_ICU_uXRTX_and_OSC_v1,https://iceye.box.com/s/mu9g5nzmf2hs4kvlpxto5duemfg2i6ct,7,,3 - WFL,ICU,uXRTX; uXTRX OSC,Power Line,1,
ICEYE,C-D422-087,65_PWR_PCM_GCM_v1,https://iceye.box.com/s/ykbbq28izkypu2s5txp8wj2r1oes4dz3,7,,3 - WFL,PCM,GCM,Power Line,1,
ICEYE,C-D422-088,66_PWR_PCM_ETHSWADPT_v1,https://iceye.box.com/s/tz2ge0nz7vh7w0bftepkkjdhd7mvimxb,7,,3 - WFL,PCM,ETHSW ADPT,Power Line,1,
ICEYE,C-D422-089,30_TRX_OSC_PWR,https://iceye.box.com/s/g9ldqgm7np1hiakdttchgdda6fb07rdd,7,,3 - WFL,uXTRX,uXTRX OSC,Power Line,1,
ICEYE,C-D422-090,29_PROPULSION_POW_COMM_v4,https://iceye.box.com/s/vmc6pd6gico1f5r93g23ettxc8ntek0j,7,,3 - WFL,PCM (J28/PROP POW),PROP1; PROP2; PROP3; RS485BT,"Power Line, Data Link","1,5",
ICEYE,C-D422-091,73_PROPULSION_4_v1,https://iceye.box.com/s/v7a4pjb0c5n12v3e15k4uyc3kyph3avl,7,200,4 - IM - RHM,RS485BT,PROP4,"Power Line, Data Link","1,5",
ICEYE,C-D422-092,17_SEP_CONN_v6,https://iceye.box.com/s/3xbuon9ciiloo1fwqck5jm0d8wyecf1s,7,A: 1100; B: 1100; C: 840;,3 - WFL,WDOG,UPIP,Mechanism,4,Confirm the lengths
ICEYE,C-D422-093,18_POWER_INHIBIT_PLUG_v1,https://iceye.box.com/s/r646ymxbcp3l13kcilkoaqsnz2pb6vrm,7,N/A,4 - IM - RHM,PIP,UPIP,Mechanism,4,
ICEYE,C-D422-094,75_SOLP_HDRM_v1,https://iceye.box.com/s/jedvirwitroo38e50hqd0d8ajouf5sj7,7,,3 - WFL,PCM,SPHR,Mechanism,4,
ICEYE,C-D422-095,74_DEPL_INHIBIT_CONN_v1,https://iceye.box.com/s/tee222dcvq5bfk3o1ljj7vt21n4bisaw,7,A (PCM): 630; B (GCM): 610;,3 - WFL,UDIC,PCM (J44); GCM (P6),Mechanism,4,Confirm the lengths
ICEYE,C-D422-096,18_POWER_INHIBIT_PLUG_v1,https://iceye.box.com/s/r646ymxbcp3l13kcilkoaqsnz2pb6vrm,7,#N/A,4 - IM - RHM,DIP,UDIC,Mechanism,-,
ICEYE,C-D422-097,20_UMBILICAL_INT_v9,https://iceye.box.com/s/2hnf1f7dxje5ez2rvb2ofl1xsj3opb5v,7,,3 - WFL,UEX,IHB; OBC1 ADPT; OBC2 ADPT,"Power Line, Data Link","1,5",Same umbilical as Gen3?
ICEYE,C-D422-098,19_UMBILICAL_EXT_v10,https://iceye.box.com/s/sf54xnllqrg53hz2a80bmu7xaoptvgvi,7,,3 - WFL, ,UEX,"Power Line, Data Link","1,5",Same umbilical as Gen3?
ICEYE,C-D422-099,48_UMBILICAL_JTAG_v1,https://iceye.box.com/s/w9fe0gcilh5tplwuumwukxazwwp4l4e0,7,,3 - WFL,UJTAG,ICU; OBC1 ADPT; OBC2 ADPT,Data Link,5,Same umbilical as Gen3?
ICEYE,C-D422-100,80_UMBILICAL_JTAG_EXTERNAL_v1,https://iceye.box.com/s/u9c5r0l01ig0wndoe2o2eerst7bi1xqw,7,,3 - WFL, ,UJTAG,Data Link,5,Same umbilical as Gen3?
ICEYE,C-D422-101,10_PROC_BASEBAND_v2,https://iceye.app.box.com/file/800212909965?s=lt5cg3t1d2vtrpt56qo7q1w6dfqej5ak,7,,3 - WFL,ICU,uXTRX, RF-Signal,6,
ICEYE,C-D422-102,10_PROC_BASEBAND_v2,https://iceye.app.box.com/file/800212909965?s=lt5cg3t1d2vtrpt56qo7q1w6dfqej5ak,7,,3 - WFL,uXTRX,ICU,RF-Signal,6,
ICEYE,C-D422-103,10_PROC_BASEBAND_v2,https://iceye.app.box.com/file/800212909965?s=lt5cg3t1d2vtrpt56qo7q1w6dfqej5ak,7,,3 - WFL,ICU (J4),uXRTX (J2),RF-Signal,6,
ICEYE,,63_ICU_XTX_ADPTR_v1,https://iceye.box.com/s/njwtvgqjkl6eox926p6b1l7a69fhbvwg,7,,3 - WFL,ICU (J45),XTX 1 ADPT (J-PROCESSING),Data Link,5,NOT USED?
ICEYE,,07_PROC_XTX_v1,https://iceye.box.com/s/fnip9r4jvarcr12ozcso6369pymugokv,7,,3 - WFL,ICU,XTX 1,Data Link,5,NOT USED?
ICEYE,,YY_PWR_PCM_UMB_v1,#VALUE!,7,,1 - WFS,PCM (J47 / CDR 1-4),RANT Power Umbilical Internal 1,Power Line,1,Waiting for harness spec
ICEYE,,YY_PWR_PCM_UMB_v1,#VALUE!,7,,1 - WFS,PCM (J5 / CDR 5-8),RANT Power Umbilical Internal 2,Power Line,1,Waiting for harness spec
ICEYE,,YY_PWR_PCM_UMB_v1,#VALUE!,7,,1 - WFS,PCM (J9 / CDR 9-12),RANT Power Umbilical Internal 3,Power Line,1,Waiting for harness spec
ICEYE,,YY_PWR_PCM_UMB_v1,#VALUE!,7,,1 - WFS,PCM (J8 / CDR 13-16),RANT Power Umbilical Internal 4,Power Line,1,Waiting for harness spec
ICEYE,,YY_PWR_PCM_UMB_v1,#VALUE!,7,,1 - WFS,PCM (J7 / CDR 17-20),RANT Power Umbilical Internal 5,Power Line,1,Waiting for harness spec
ICEYE,,YY_PWR_PNL_UMB_v1,#VALUE!,7,,1 - WFS,RANT Power Umbilical External 1,CDR2 (P17); CDR4 (P17): CDR6 (P17): CDR8 (P17),Power Line,1,Waiting for harness spec
ICEYE,,YY_PWR_PNL_UMB_v1,#VALUE!,7,,1 - WFS,RANT Power Umbilical External 2,CDR10 (P17); CDR12 (P17): CDR14 (P17): CDR16 (P17),Power Line,1,Waiting for harness spec
ICEYE,,YY_PWR_PNL_UMB_v1,#VALUE!,7,,1 - WFS,RANT Power Umbilical External 3,CDR18 (P17); CDR20 (P17): CDR22 (P17): CDR24 (P17),Power Line,1,Waiting for harness spec
ICEYE,,YY_PWR_PNL_UMB_v1,#VALUE!,7,,1 - WFS,RANT Power Umbilical External 4,CDR26 (P17); CDR28 (P17): CDR30 (P17): CDR32 (P17),Power Line,1,Waiting for harness spec
ICEYE,,YY_PWR_PNL_UMB_v1,#VALUE!,7,,1 - WFS,RANT Power Umbilical External 5,CDR34 (P17); CDR36 (P17): CDR38 (P17): CDR40 (P17),Power Line,1,Waiting for harness spec
ICEYE,,TBD,#VALUE!,,,1 - WFS,"PCM (J12/TS1_16, J13/TS2_17, J14/TS_3_18, J16/CAN2, J6); CDRL (CAN1)",RANT Signal Umbilical Internal 1,"Data Link, Analog Sensor Signal","3,5",Waiting for pin assignment and harness spec
ICEYE,,TBD,#VALUE!,,,1 - WFS,RANT Signal Umbilical External 1,SATS1; SATS16; SATS2; SATS17; SATS3; SATS18; CDR20 (P14/CAN); CDR22 (P15/CAN); RADMON1; RADMON2;,"Data Link, Analog Sensor Signal","3,5",Waiting for pin assignment and harness spec
ICEYE,,TBD,#VALUE!,,,1 - WFS,PCM,RANT Signal Umbilical Internal 2,,,Waiting for pin assignment and harness spec
ICEYE,,TBD,#VALUE!,,,1 - WFS,RANT Signal Umbilical External 2,,,,Waiting for pin assignment and harness spec
ICEYE,,TBD,#VALUE!,7,,3 - WFL,PCM (J17/TS_4_19),SATS4; SATS19,Analog Sensor Signal,3,Waiting for TS location and assignment
ICEYE,,TBD,#VALUE!,7,,3 - WFL,PCM (J18/TS_5_20),SATS5; SATS20,Analog Sensor Signal,3,Waiting for TS location and assignment
ICEYE,,TBD,#VALUE!,7,,3 - WFL,PCM (J20/TS_6_21),SATS6; SATS21,Analog Sensor Signal,3,Waiting for TS location and assignment
ICEYE,,TBD,#VALUE!,7,,3 - WFL,PCM (J22/TS_7_22),SATS7; SATS22,Analog Sensor Signal,3,Waiting for TS location and assignment
ICEYE,,TBD,#VALUE!,7,,3 - WFL,PCM (J23/TS_8_23),SATS8; SATS23,Analog Sensor Signal,3,Waiting for TS location and assignment
ICEYE,,TBD,#VALUE!,7,,3 - WFL,PCM (J25/TS_9_24),SATS9; SATS24,Analog Sensor Signal,3,Waiting for TS location and assignment
ICEYE,,TBD,#VALUE!,7,,3 - WFL,PCM (J27/TS_10_25),SATS10; SATS25,Analog Sensor Signal,3,Waiting for TS location and assignment
ICEYE,,TBD,#VALUE!,7,,3 - WFL,PCM (J29/TS_11_26),SATS11; SATS26,Analog Sensor Signal,3,Waiting for TS location and assignment
ICEYE,,TBD,#VALUE!,7,,3 - WFL,PCM (J31/TS_12_27),SATS12; SATS27,Analog Sensor Signal,3,Waiting for TS location and assignment
ICEYE,,88_TS_Splitter_v1,#VALUE!,7,Defined in the specification,3 - WFL,PCM (J32/TS_13_28),SATS13; SATS28,Analog Sensor Signal,3,Waiting for TS location and assignment
ICEYE,,TBD,#VALUE!,7,,3 - WFL,PCM (J34/TS_14_29),SATS14; SATS29,Analog Sensor Signal,3,Waiting for TS location and assignment
ICEYE,,TBD,#VALUE!,7,,3 - WFL,PCM (J36/TS_15_30),SATS15; SATS30,Analog Sensor Signal,3,Waiting for TS location and assignment
AXON,,28_SOL_PAN_JUMPERS_V3,https://iceye.box.com/s/p02oetlkhplqyt8zb2liogpq06p1xbvp,7,270,1 - WFS,SOLP1,SOLP2,Power Line,1,Confirm that the spec is correct according to the Solar Panel ICD
AXON,,28_SOL_PAN_JUMPERS_V3,https://iceye.box.com/s/p02oetlkhplqyt8zb2liogpq06p1xbvp,7,270,1 - WFS,SOLP2,SOLP3,Power Line,1,Confirm that the spec is correct according to the Solar Panel ICD
AXON,,28_SOL_PAN_JUMPERS_V3,https://iceye.box.com/s/p02oetlkhplqyt8zb2liogpq06p1xbvp,7,270,1 - WFS,SOLP2,SOLP3,Power Line,1,Confirm that the spec is correct according to the Solar Panel ICD
AXON,,28_SOL_PAN_JUMPERS_V3,https://iceye.box.com/s/p02oetlkhplqyt8zb2liogpq06p1xbvp,7,270,1 - WFS,SOLP3,SOLP4,Power Line,1,Confirm that the spec is correct according to the Solar Panel ICD
AXON,,28_SOL_PAN_JUMPERS_V3,https://iceye.box.com/s/p02oetlkhplqyt8zb2liogpq06p1xbvp,7,270,1 - WFS,SOLP4,SOLP5,Power Line,1,Confirm that the spec is correct according to the Solar Panel ICD
AXON,,28_SOL_PAN_JUMPERS_V3,https://iceye.box.com/s/p02oetlkhplqyt8zb2liogpq06p1xbvp,7,270,1 - WFS,SOLP4,SOLP5,Power Line,1,Confirm that the spec is correct according to the Solar Panel ICD
ICEYE,,TBD,#VALUE!,7,See the specification,1 - WFS,PCM,HEATERS,Power Line,1,
Huber+Suhner,,minibend CTMTR-1200MHT,#VALUE!,,,1 - WFS,uXTRX,uCOMB,,,
Huber+Suhner,,minibend CTMTR-1200MHT,#VALUE!,,,1 - WFS,uXTRX,uCOMB,,,
