BUS;Assembly - ;Assembly - BUS
CDRLite ;Assembly - ;Assembly - CDRLite 
RPU;Assembly - ;Assembly - RPU
OBC Big;Assembly - ;Assembly - OBC Big
OBC Small;Assembly - ;Assembly - OBC Small
PCMLite;Assembly - ;Assembly - PCMLite
CSP Box;Assembly - ;Assembly - CSP Box
Propulsion;Assembly - ;Assembly - Propulsion
Watchdog;Assembly - ;Assembly - Watchdog
S-Band Antenna;Assembly - ;Assembly - S-Band Antenna
Battery;Assembly - ;Assembly - Battery
In-House Battery;Assembly - ;Assembly - In-House Battery
ICU;Assembly - ;Assembly - ICU
X-Band Antenna;Assembly - ;Assembly - X-Band Antenna
Rack (Triangle);Assembly - ;Assembly - Rack (Triangle)
PCM;Assembly - ;Assembly - PCM
Laser;Assembly - ;Assembly - Laser
Rocker;Assembly - ;Assembly - Rocker
Deployment Brace;Assembly - ;Assembly - Deployment Brace
ADCS;Assembly - ;Assembly - ADCS
Radar Antenna Assembly;Assembly - ;Assembly - Radar Antenna Assembly
Solar Panels;Assembly - ;Assembly - Solar Panels
Module 1;Assembly - ;Assembly - Module 1
Module 2;Assembly - ;Assembly - Module 2
Module 3;Assembly - ;Assembly - Module 3
Module 4;Assembly - ;Assembly - Module 4
Module 5;Assembly - ;Assembly - Module 5
Module 6;Assembly - ;Assembly - Module 6
Module 7;Assembly - ;Assembly - Module 7
Module 8;Assembly - ;Assembly - Module 8
Module 9;Assembly - ;Assembly - Module 9
Module 10;Assembly - ;Assembly - Module 10
Module 11;Assembly - ;Assembly - Module 11
Module 12;Assembly - ;Assembly - Module 12
Module 13;Assembly - ;Assembly - Module 13
Module 14;Assembly - ;Assembly - Module 14
Module 15;Assembly - ;Assembly - Module 15
Module 16;Assembly - ;Assembly - Module 16
Module 17;Assembly - ;Assembly - Module 17
Module 18;Assembly - ;Assembly - Module 18
Module 19;Assembly - ;Assembly - Module 19
Module 20;Assembly - ;Assembly - Module 20
