BUS;Assembly - ;Assembly - BUS;;10908
CDRLite ;Assembly - ;Assembly - CDRLite ;;10909
RPU;Assembly - ;Assembly - RPU;;10910
OBC Big;Assembly - ;Assembly - OBC Big;;10911
OBC Small;Assembly - ;Assembly - OBC Small;;10912
PCMLite;Assembly - ;Assembly - PCMLite;;10913
CSP Box;Assembly - ;Assembly - CSP Box;;10914
Watchdog;Assembly - ;Assembly - Watchdog;;10915
S-Band Antenna;Assembly - ;Assembly - S-Band Antenna;;10916
Battery;Assembly - ;Assembly - Battery;;10917
In-House Battery;Assembly - ;Assembly - In-House Battery;;10918
ICU;Assembly - ;Assembly - ICU;;10919
X-Band Antenna;Assembly - ;Assembly - X-Band Antenna;;10920
Rack (Triangle);Assembly - ;Assembly - Rack (Triangle);;10921
PCM;Assembly - ;Assembly - PCM;;10922
Laser;Assembly - ;Assembly - Laser;;10923
Rocker;Assembly - ;Assembly - Rocker;;10924
Deployment Brace;Assembly - ;Assembly - Deployment Brace;;10925
ADCS;Assembly - ;Assembly - ADCS;;10926
Radar Antenna Assembly;Assembly - ;Assembly - Radar Antenna Assembly;;10927
Solar Panels;Assembly - ;Assembly - Solar Panels;;10928
Propulsion;Assembly - ;Assembly - Propulsion;;10936
