Summary,Issue key,Issue id,Issue Type,Status,Project key,Project name,Project type,Project lead,Project lead id,Project description,Priority,Resolution,Assignee,Assignee Id,Reporter,Reporter Id,Creator,Creator Id,Created,Updated,Last Viewed,Resolved,Due date,Votes,Labels,Description,Environment,Watchers,Watchers Id,Original estimate,Remaining Estimate,Time Spent,Work Ratio,Σ Original Estimate,Σ Remaining Estimate,Σ Time Spent,Security Level,Outward issue link,Outward issue link 1,Outward issue link 2,Outward issue link 3,Outward issue link 4,Outward issue link 5,Outward issue link 6,Outward issue link 7,Outward issue link 8,Outward issue link 9,Outward issue link 10,Outward issue link 11,Outward issue link 12,Outward issue link 13,Attachment,Attachment,Attachment,Attachment,Attachment,Attachment,Custom field (Development),Custom field (Issue color),Custom field (Rank),Custom field (Start date),Parent,Parent summary,Status Category
Harness 6,SAIV-117,37995,Epic,To Do,SAIV,"Satellite Assembly, Integration and Verification",software,Paavo Heiskanen,5e53b3ee08e2a40c938544de,,Medium,,,,Paavo Heiskanen,5e53b3ee08e2a40c938544de,Paavo Heiskanen,5e53b3ee08e2a40c938544de,01/10/2020 13:58,14/11/2020 18:16,25/08/2021 10:25,,06/11/2020 00:00,0,,[https://iceyedev.atlassian.net/wiki/spaces/SMS/pages/2248048702/ICEYE-SM-PCD-0166+Harness+6+Integration+Procedure|https://iceyedev.atlassian.net/wiki/spaces/SMS/pages/2248048702/ICEYE-SM-PCD-0166+Harness+6+Integration+Procedure|smart-link] ,,Paavo Heiskanen,5e53b3ee08e2a40c938544de,,,,,,,,,SAIV-19,,,,,,,,,,,,,,,,,,,,{},purple,1|hzve7j:,26/10/2020 00:00,,,To Do
Harness 5,SAIV-116,37994,Epic,To Do,SAIV,"Satellite Assembly, Integration and Verification",software,Paavo Heiskanen,5e53b3ee08e2a40c938544de,,Medium,,,,Paavo Heiskanen,5e53b3ee08e2a40c938544de,Paavo Heiskanen,5e53b3ee08e2a40c938544de,01/10/2020 13:57,14/11/2020 17:32,27/08/2021 15:51,,22/10/2020 00:00,0,,[https://iceyedev.atlassian.net/wiki/spaces/SMS/pages/2248015905/ICEYE-SM-PCD-0165+Harness+5+Integration+Procedure|https://iceyedev.atlassian.net/wiki/spaces/SMS/pages/2248015905/ICEYE-SM-PCD-0165+Harness+5+Integration+Procedure|smart-link] ,,Paavo Heiskanen,5e53b3ee08e2a40c938544de,,,,,,,,,SAIV-30,,,,,,,,,,,,,,,,,,,,{},purple,1|hzve6n:,14/10/2020 00:00,,,To Do
Harness 4,SAIV-115,37993,Epic,To Do,SAIV,"Satellite Assembly, Integration and Verification",software,Paavo Heiskanen,5e53b3ee08e2a40c938544de,,Medium,,,,Paavo Heiskanen,5e53b3ee08e2a40c938544de,Paavo Heiskanen,5e53b3ee08e2a40c938544de,01/10/2020 13:56,14/11/2020 17:30,27/08/2021 15:51,,30/09/2020 00:00,0,,[https://iceyedev.atlassian.net/wiki/spaces/SMS/pages/2243756959/ICEYE-SM-PCD-0164+Harness+4+Integration+Procedure|https://iceyedev.atlassian.net/wiki/spaces/SMS/pages/2243756959/ICEYE-SM-PCD-0164+Harness+4+Integration+Procedure|smart-link] ,,Paavo Heiskanen,5e53b3ee08e2a40c938544de,,,,,,,,,SAIV-22,,,,,,,,,,,,,,,,,,,,{},purple,1|hzve5r:,26/09/2020 00:00,,,To Do
Harness 3,SAIV-114,37990,Epic,To Do,SAIV,"Satellite Assembly, Integration and Verification",software,Paavo Heiskanen,5e53b3ee08e2a40c938544de,,Medium,,,,Paavo Heiskanen,5e53b3ee08e2a40c938544de,Paavo Heiskanen,5e53b3ee08e2a40c938544de,01/10/2020 13:55,14/11/2020 17:29,27/08/2021 15:51,,29/09/2020 00:00,0,,[https://iceyedev.atlassian.net/wiki/spaces/SMS/pages/2243791485/ICEYE-SM-PCD-0163+Harness+3+Integration+Procedure|https://iceyedev.atlassian.net/wiki/spaces/SMS/pages/2243791485/ICEYE-SM-PCD-0163+Harness+3+Integration+Procedure|smart-link] ,,Paavo Heiskanen,5e53b3ee08e2a40c938544de,,,,,,,,,SAIV-18,,,,,,,,,,,,,,,,,,,,{},purple,1|hzve53:,24/09/2020 00:00,,,To Do
Star trackers installation,SAIV-113,37984,Task,To Do,SAIV,"Satellite Assembly, Integration and Verification",software,Paavo Heiskanen,5e53b3ee08e2a40c938544de,,Medium,,,,Paavo Heiskanen,5e53b3ee08e2a40c938544de,Paavo Heiskanen,5e53b3ee08e2a40c938544de,01/10/2020 13:23,30/10/2020 15:21,27/08/2021 15:51,,,0,,[https://iceyedev.atlassian.net/wiki/spaces/SMS/pages/2249392516/ICEYE-SM-PCD-0195+Star+trackers+installation+Procedure|https://iceyedev.atlassian.net/wiki/spaces/SMS/pages/2249392516/ICEYE-SM-PCD-0195+Star+trackers+installation+Procedure|smart-link] ,,Paavo Heiskanen,5e53b3ee08e2a40c938544de,,,,,,,,,,,,,,,,,,,,,,,,,,,,,{},purple,1|hzvgxb:,,37978,ADCS,To Do
GPS Antenna installation,SAIV-112,37983,Task,To Do,SAIV,"Satellite Assembly, Integration and Verification",software,Paavo Heiskanen,5e53b3ee08e2a40c938544de,,Medium,,,,Paavo Heiskanen,5e53b3ee08e2a40c938544de,Paavo Heiskanen,5e53b3ee08e2a40c938544de,01/10/2020 13:23,30/10/2020 15:21,27/08/2021 15:51,,,0,,[https://iceyedev.atlassian.net/wiki/spaces/SMS/pages/2242873283/ICEYE-SM-PCD-0160+GPS+Antenna+installation+Procedure|https://iceyedev.atlassian.net/wiki/spaces/SMS/pages/2242873283/ICEYE-SM-PCD-0160+GPS+Antenna+installation+Procedure|smart-link] ,,Paavo Heiskanen,5e53b3ee08e2a40c938544de,,,,,,,,,,,,,,,,,,,,,,,,,,,,,{},purple,1|hzvgx3:,,37978,ADCS,To Do
Sun Sensors installation,SAIV-111,37982,Task,To Do,SAIV,"Satellite Assembly, Integration and Verification",software,Paavo Heiskanen,5e53b3ee08e2a40c938544de,,Medium,,,,Paavo Heiskanen,5e53b3ee08e2a40c938544de,Paavo Heiskanen,5e53b3ee08e2a40c938544de,01/10/2020 13:22,30/10/2020 15:21,27/08/2021 15:51,,,0,,[https://iceyedev.atlassian.net/wiki/spaces/SMS/pages/2250932602/ICEYE-SM-PCD-0196+Sun+Sensors+installation+Procedure|https://iceyedev.atlassian.net/wiki/spaces/SMS/pages/2250932602/ICEYE-SM-PCD-0196+Sun+Sensors+installation+Procedure|smart-link] ,,Paavo Heiskanen,5e53b3ee08e2a40c938544de,,,,,,,,,,,,,,,,,,,,,,,,,,,,,{},purple,1|hzvgwv:,,37978,ADCS,To Do
Flexcore installation,SAIV-110,37981,Task,To Do,SAIV,"Satellite Assembly, Integration and Verification",software,Paavo Heiskanen,5e53b3ee08e2a40c938544de,,Medium,,,,Paavo Heiskanen,5e53b3ee08e2a40c938544de,Paavo Heiskanen,5e53b3ee08e2a40c938544de,01/10/2020 13:22,30/10/2020 15:21,27/08/2021 15:51,,,0,,[https://iceyedev.atlassian.net/wiki/spaces/SMS/pages/2245722199/ICEYE-SM-PCD-0158+Flexcore+Installation+Procedure|https://iceyedev.atlassian.net/wiki/spaces/SMS/pages/2245722199/ICEYE-SM-PCD-0158+Flexcore+Installation+Procedure|smart-link] ,,Paavo Heiskanen,5e53b3ee08e2a40c938544de,,,,,,,,,,,,,,,,,,,,,,,,,,,,,{},purple,1|hzvgwn:,,37978,ADCS,To Do
TR installation,SAIV-109,37980,Task,To Do,SAIV,"Satellite Assembly, Integration and Verification",software,Paavo Heiskanen,5e53b3ee08e2a40c938544de,,Medium,,,,Paavo Heiskanen,5e53b3ee08e2a40c938544de,Paavo Heiskanen,5e53b3ee08e2a40c938544de,01/10/2020 13:22,30/10/2020 15:21,27/08/2021 15:51,,,0,,[https://iceyedev.atlassian.net/wiki/spaces/SMS/pages/2251555188/ICEYE-SM-PCD-0200+TR+installation+Procedure|https://iceyedev.atlassian.net/wiki/spaces/SMS/pages/2251555188/ICEYE-SM-PCD-0200+TR+installation+Procedure|smart-link] ,,Paavo Heiskanen,5e53b3ee08e2a40c938544de,,,,,,,,,,,,,,,,,,,,,,,,,,,,,{},purple,1|hzvgwf:,,37978,ADCS,To Do
RWs installation,SAIV-108,37979,Task,To Do,SAIV,"Satellite Assembly, Integration and Verification",software,Paavo Heiskanen,5e53b3ee08e2a40c938544de,,Medium,,,,Paavo Heiskanen,5e53b3ee08e2a40c938544de,Paavo Heiskanen,5e53b3ee08e2a40c938544de,01/10/2020 13:21,30/10/2020 15:21,27/08/2021 15:51,,,0,,[https://iceyedev.atlassian.net/wiki/spaces/SMS/pages/2249392500/ICEYE-SM-PCD-0185+RWs+installation+Procedure|https://iceyedev.atlassian.net/wiki/spaces/SMS/pages/2249392500/ICEYE-SM-PCD-0185+RWs+installation+Procedure|smart-link] ,,Paavo Heiskanen,5e53b3ee08e2a40c938544de,,,,,,,,,,,,,,,,,,,,,,,,,,,,,{},purple,1|hzvgw7:,,37978,ADCS,To Do
ADCS,SAIV-107,37978,Epic,To Do,SAIV,"Satellite Assembly, Integration and Verification",software,Paavo Heiskanen,5e53b3ee08e2a40c938544de,,Medium,,,,Paavo Heiskanen,5e53b3ee08e2a40c938544de,Paavo Heiskanen,5e53b3ee08e2a40c938544de,01/10/2020 13:20,30/10/2020 15:21,27/08/2021 15:51,,10/10/2020 00:00,0,,[https://iceyedev.atlassian.net/wiki/spaces/SMS/pages/2243756091/ICEYE-SM-PCD-0133+ADCS+Integration+Procedure|https://iceyedev.atlassian.net/wiki/spaces/SMS/pages/2243756091/ICEYE-SM-PCD-0133+ADCS+Integration+Procedure|smart-link] ,,Paavo Heiskanen,5e53b3ee08e2a40c938544de,,,,,,,,,SAIV-116,,,,,,,,,,,,,,,,,,,,{},purple,1|hzve6f:,30/09/2020 00:00,,,To Do
HDRMS tightening,SAIV-106,37977,Task,To Do,SAIV,"Satellite Assembly, Integration and Verification",software,Paavo Heiskanen,5e53b3ee08e2a40c938544de,,Medium,,,,Paavo Heiskanen,5e53b3ee08e2a40c938544de,Paavo Heiskanen,5e53b3ee08e2a40c938544de,01/10/2020 13:20,30/10/2020 15:24,27/08/2021 15:51,,,0,,[https://iceyedev.atlassian.net/wiki/spaces/SMS/pages/2243791519/ICEYE-SM-PCD-0167+HDRMS+tightening+Procedure|https://iceyedev.atlassian.net/wiki/spaces/SMS/pages/2243791519/ICEYE-SM-PCD-0167+HDRMS+tightening+Procedure|smart-link] ,,Paavo Heiskanen,5e53b3ee08e2a40c938544de,,,,,,,,,,,,,,,,,,,,,,,,,,,,,{},purple,1|hzvgvz:,,37454,Close-up-MLI and Stow,To Do
MLI installation,SAIV-105,37976,Task,To Do,SAIV,"Satellite Assembly, Integration and Verification",software,Paavo Heiskanen,5e53b3ee08e2a40c938544de,,Medium,,,,Paavo Heiskanen,5e53b3ee08e2a40c938544de,Paavo Heiskanen,5e53b3ee08e2a40c938544de,01/10/2020 13:18,30/10/2020 15:24,27/08/2021 15:51,,,0,,[https://iceyedev.atlassian.net/wiki/spaces/SMS/pages/2251063305/ICEYE-SM-PCD-0171+MLI+installation+Procedure|https://iceyedev.atlassian.net/wiki/spaces/SMS/pages/2251063305/ICEYE-SM-PCD-0171+MLI+installation+Procedure|smart-link] ,,Paavo Heiskanen,5e53b3ee08e2a40c938544de,,,,,,,,,,,,,,,,,,,,,,,,,,,,,{},purple,1|hzvgvr:,,37454,Close-up-MLI and Stow,To Do
Side panels installation,SAIV-104,37975,Task,To Do,SAIV,"Satellite Assembly, Integration and Verification",software,Paavo Heiskanen,5e53b3ee08e2a40c938544de,,Medium,,,,Paavo Heiskanen,5e53b3ee08e2a40c938544de,Paavo Heiskanen,5e53b3ee08e2a40c938544de,01/10/2020 13:18,30/10/2020 15:23,27/08/2021 15:51,,,0,,[https://iceyedev.atlassian.net/wiki/spaces/SMS/pages/2251489605/ICEYE-SM-PCD-0188+Side+panels+installation+Procedure|https://iceyedev.atlassian.net/wiki/spaces/SMS/pages/2251489605/ICEYE-SM-PCD-0188+Side+panels+installation+Procedure|smart-link] ,,Paavo Heiskanen,5e53b3ee08e2a40c938544de,,,,,,,,,,,,,,,,,,,,,,,,,,,,,{},purple,1|hzvgvj:,,37454,Close-up-MLI and Stow,To Do
Thermal paste application (Close-up),SAIV-103,37974,Task,To Do,SAIV,"Satellite Assembly, Integration and Verification",software,Paavo Heiskanen,5e53b3ee08e2a40c938544de,,Medium,,,,Paavo Heiskanen,5e53b3ee08e2a40c938544de,Paavo Heiskanen,5e53b3ee08e2a40c938544de,01/10/2020 13:18,30/10/2020 15:23,27/08/2021 15:51,,,0,,[https://iceyedev.atlassian.net/wiki/spaces/SMS/pages/2249261449/ICEYE-SM-PCD-0198+Thermal+Paste+Application+Process+Description|https://iceyedev.atlassian.net/wiki/spaces/SMS/pages/2249261449/ICEYE-SM-PCD-0198+Thermal+Paste+Application+Process+Description|smart-link] ,,Paavo Heiskanen,5e53b3ee08e2a40c938544de,,,,,,,,,,,,,,,,,,,,,,,,,,,,,{},purple,1|hzvgvb:,,37454,Close-up-MLI and Stow,To Do
Payload HDRMS installation,SAIV-102,37973,Task,To Do,SAIV,"Satellite Assembly, Integration and Verification",software,Paavo Heiskanen,5e53b3ee08e2a40c938544de,,Medium,,,,Paavo Heiskanen,5e53b3ee08e2a40c938544de,Paavo Heiskanen,5e53b3ee08e2a40c938544de,01/10/2020 13:18,30/10/2020 15:23,27/08/2021 15:51,,,0,,[https://iceyedev.atlassian.net/wiki/spaces/SMS/pages/2251063546/ICEYE-SM-PCD-0178+Payload+HDRMS+installation+Procedure|https://iceyedev.atlassian.net/wiki/spaces/SMS/pages/2251063546/ICEYE-SM-PCD-0178+Payload+HDRMS+installation+Procedure|smart-link] ,,Paavo Heiskanen,5e53b3ee08e2a40c938544de,,,,,,,,,,,,,,,,,,,,,,,,,,,,,{},purple,1|hzvgv3:,,37454,Close-up-MLI and Stow,To Do
Deployment Switches installation,SAIV-101,37972,Task,To Do,SAIV,"Satellite Assembly, Integration and Verification",software,Paavo Heiskanen,5e53b3ee08e2a40c938544de,,Medium,,,,Paavo Heiskanen,5e53b3ee08e2a40c938544de,Paavo Heiskanen,5e53b3ee08e2a40c938544de,01/10/2020 13:17,30/10/2020 15:23,27/08/2021 15:51,,,0,,[https://iceyedev.atlassian.net/wiki/spaces/SMS/pages/2245722192/ICEYE-SM-PCD-0155+Deployment+Switches+Installation+Procedure|https://iceyedev.atlassian.net/wiki/spaces/SMS/pages/2245722192/ICEYE-SM-PCD-0155+Deployment+Switches+Installation+Procedure|smart-link] ,,Paavo Heiskanen,5e53b3ee08e2a40c938544de,,,,,,,,,,,,,,,,,,,,,,,,,,,,,{},purple,1|hzvguv:,,37457,Deployment Switches,To Do
OBC Small installation,SAIV-100,37971,Task,To Do,SAIV,"Satellite Assembly, Integration and Verification",software,Paavo Heiskanen,5e53b3ee08e2a40c938544de,,Medium,,,,Paavo Heiskanen,5e53b3ee08e2a40c938544de,Paavo Heiskanen,5e53b3ee08e2a40c938544de,01/10/2020 13:16,30/10/2020 15:22,27/08/2021 15:51,,,0,,[https://iceyedev.atlassian.net/wiki/spaces/SMS/pages/2251423757/ICEYE-SM-PCD-0173+OBC+Small+installation+Procedure|https://iceyedev.atlassian.net/wiki/spaces/SMS/pages/2251423757/ICEYE-SM-PCD-0173+OBC+Small+installation+Procedure|smart-link] ,,Paavo Heiskanen,5e53b3ee08e2a40c938544de,,,,,,,,,,,,,,,,,,,,,,,,,,,,,{},purple,1|hzvgun:,,37462,OBC Small,To Do
Thermal paste application (OBC Small),SAIV-99,37970,Task,To Do,SAIV,"Satellite Assembly, Integration and Verification",software,Paavo Heiskanen,5e53b3ee08e2a40c938544de,,Medium,,,,Paavo Heiskanen,5e53b3ee08e2a40c938544de,Paavo Heiskanen,5e53b3ee08e2a40c938544de,01/10/2020 13:16,30/10/2020 15:22,27/08/2021 15:51,,,0,,[https://iceyedev.atlassian.net/wiki/spaces/SMS/pages/2249261449/ICEYE-SM-PCD-0198+Thermal+Paste+Application+Process+Description|https://iceyedev.atlassian.net/wiki/spaces/SMS/pages/2249261449/ICEYE-SM-PCD-0198+Thermal+Paste+Application+Process+Description|smart-link] ,,Paavo Heiskanen,5e53b3ee08e2a40c938544de,,,,,,,,,,,,,,,,,,,,,,,,,,,,,{},purple,1|hzvguf:,,37462,OBC Small,To Do
SOLP Installation,SAIV-98,37969,Task,To Do,SAIV,"Satellite Assembly, Integration and Verification",software,Paavo Heiskanen,5e53b3ee08e2a40c938544de,,Medium,,,,Paavo Heiskanen,5e53b3ee08e2a40c938544de,Paavo Heiskanen,5e53b3ee08e2a40c938544de,01/10/2020 13:15,09/11/2020 10:42,27/08/2021 15:51,,,0,,[https://iceyedev.atlassian.net/wiki/spaces/SMS/pages/2249359843/ICEYE-SM-PCD-0191+SOLP+Installation+Procedure|https://iceyedev.atlassian.net/wiki/spaces/SMS/pages/2249359843/ICEYE-SM-PCD-0191+SOLP+Installation+Procedure|smart-link] ,,Paavo Heiskanen,5e53b3ee08e2a40c938544de,,,,,,,,,,,,,,,,,,,,,,,,,,,,,{},purple,1|hzvgu7:,,37449,SOLP,To Do
Insulation installation,SAIV-97,37968,Task,To Do,SAIV,"Satellite Assembly, Integration and Verification",software,Paavo Heiskanen,5e53b3ee08e2a40c938544de,,Medium,,,,Paavo Heiskanen,5e53b3ee08e2a40c938544de,Paavo Heiskanen,5e53b3ee08e2a40c938544de,01/10/2020 13:15,30/10/2020 15:21,27/08/2021 15:51,,,0,,[https://iceyedev.atlassian.net/wiki/spaces/SMS/pages/2251259908/ICEYE-SM-PCD-0169+Insulation+installation+Procedure|https://iceyedev.atlassian.net/wiki/spaces/SMS/pages/2251259908/ICEYE-SM-PCD-0169+Insulation+installation+Procedure|smart-link] ,,Paavo Heiskanen,5e53b3ee08e2a40c938544de,,,,,,,,,,,,,,,,,,,,,,,,,,,,,{},purple,1|hzvgtz:,,37449,SOLP,To Do
C-bracket installation,SAIV-96,37967,Task,To Do,SAIV,"Satellite Assembly, Integration and Verification",software,Paavo Heiskanen,5e53b3ee08e2a40c938544de,,Medium,,,,Paavo Heiskanen,5e53b3ee08e2a40c938544de,Paavo Heiskanen,5e53b3ee08e2a40c938544de,01/10/2020 13:15,30/10/2020 15:20,27/08/2021 15:51,,,0,,[https://iceyedev.atlassian.net/wiki/spaces/SMS/pages/2243790119/ICEYE-SM-PCD-0144+C-Bracket+Installation+Procedure|https://iceyedev.atlassian.net/wiki/spaces/SMS/pages/2243790119/ICEYE-SM-PCD-0144+C-Bracket+Installation+Procedure|smart-link] ,,Paavo Heiskanen,5e53b3ee08e2a40c938544de,,,,,,,,,,,,,,,,,,,,,,,,,,,,,{},purple,1|hzvgtr:,,37449,SOLP,To Do
SOLP HRDM Installation,SAIV-95,37966,Task,To Do,SAIV,"Satellite Assembly, Integration and Verification",software,Paavo Heiskanen,5e53b3ee08e2a40c938544de,,Medium,,,,Paavo Heiskanen,5e53b3ee08e2a40c938544de,Paavo Heiskanen,5e53b3ee08e2a40c938544de,01/10/2020 13:15,30/10/2020 15:20,27/08/2021 15:51,,,0,,[https://iceyedev.atlassian.net/wiki/spaces/SMS/pages/2251653196/ICEYE-SM-PCD-0190+SOLP+HRDM+Installation+Procedure|https://iceyedev.atlassian.net/wiki/spaces/SMS/pages/2251653196/ICEYE-SM-PCD-0190+SOLP+HRDM+Installation+Procedure|smart-link] ,,Paavo Heiskanen,5e53b3ee08e2a40c938544de,,,,,,,,,,,,,,,,,,,,,,,,,,,,,{},purple,1|hzvgtj:,,37449,SOLP,To Do
Propulsion installation,SAIV-94,37965,Task,To Do,SAIV,"Satellite Assembly, Integration and Verification",software,Paavo Heiskanen,5e53b3ee08e2a40c938544de,,Medium,,,,Paavo Heiskanen,5e53b3ee08e2a40c938544de,Paavo Heiskanen,5e53b3ee08e2a40c938544de,01/10/2020 13:14,30/10/2020 15:20,27/08/2021 15:51,,,0,,[https://iceyedev.atlassian.net/wiki/spaces/SMS/pages/2251423983/ICEYE-SM-PCD-0182+Propulsion+installation+Procedure|https://iceyedev.atlassian.net/wiki/spaces/SMS/pages/2251423983/ICEYE-SM-PCD-0182+Propulsion+installation+Procedure|smart-link] ,,Paavo Heiskanen,5e53b3ee08e2a40c938544de,,,,,,,,,,,,,,,,,,,,,,,,,,,,,{},purple,1|hzvgtb:,,37451,Propulsion,To Do
Thermal paste application (Propulsion),SAIV-93,37964,Task,To Do,SAIV,"Satellite Assembly, Integration and Verification",software,Paavo Heiskanen,5e53b3ee08e2a40c938544de,,Medium,,,,Paavo Heiskanen,5e53b3ee08e2a40c938544de,Paavo Heiskanen,5e53b3ee08e2a40c938544de,01/10/2020 13:14,30/10/2020 15:20,27/08/2021 15:51,,,0,,[https://iceyedev.atlassian.net/wiki/spaces/SMS/pages/2249261449/ICEYE-SM-PCD-0198+Thermal+Paste+Application+Process+Description|https://iceyedev.atlassian.net/wiki/spaces/SMS/pages/2249261449/ICEYE-SM-PCD-0198+Thermal+Paste+Application+Process+Description|smart-link] ,,Paavo Heiskanen,5e53b3ee08e2a40c938544de,,,,,,,,,,,,,,,,,,,,,,,,,,,,,{},purple,1|hzvgt3:,,37451,Propulsion,To Do
Support Frames Installation,SAIV-92,37963,Task,To Do,SAIV,"Satellite Assembly, Integration and Verification",software,Paavo Heiskanen,5e53b3ee08e2a40c938544de,,Medium,,,,Paavo Heiskanen,5e53b3ee08e2a40c938544de,Paavo Heiskanen,5e53b3ee08e2a40c938544de,01/10/2020 13:14,30/10/2020 15:20,27/08/2021 15:51,,,0,,[https://iceyedev.atlassian.net/wiki/spaces/SMS/pages/2251489634/ICEYE-SM-PCD-0197+Support+Frames+Installation+Procedure|https://iceyedev.atlassian.net/wiki/spaces/SMS/pages/2251489634/ICEYE-SM-PCD-0197+Support+Frames+Installation+Procedure|smart-link] ,,Paavo Heiskanen,5e53b3ee08e2a40c938544de,,,,,,,,,,,,,,,,,,,,,,,,,,,,,{},purple,1|hzvgsv:,,37451,Propulsion,To Do
CDR Shields installation,SAIV-91,37962,Task,To Do,SAIV,"Satellite Assembly, Integration and Verification",software,Paavo Heiskanen,5e53b3ee08e2a40c938544de,,Medium,,,,Paavo Heiskanen,5e53b3ee08e2a40c938544de,Paavo Heiskanen,5e53b3ee08e2a40c938544de,01/10/2020 13:11,30/10/2020 15:19,27/08/2021 15:51,,,0,,[https://iceyedev.atlassian.net/wiki/spaces/SMS/pages/2242872677/ICEYE-SM-PCD-0146+CDR+Shields+Installation+Procedure|https://iceyedev.atlassian.net/wiki/spaces/SMS/pages/2242872677/ICEYE-SM-PCD-0146+CDR+Shields+Installation+Procedure|smart-link] ,,Paavo Heiskanen,5e53b3ee08e2a40c938544de,,,,,,,,,,,,,,,,,,,,,,,,,,,,,{},purple,1|hzvgsn:,,37447,Payload,To Do
Antennas installation,SAIV-90,37961,Task,To Do,SAIV,"Satellite Assembly, Integration and Verification",software,Paavo Heiskanen,5e53b3ee08e2a40c938544de,,Medium,,,,Paavo Heiskanen,5e53b3ee08e2a40c938544de,Paavo Heiskanen,5e53b3ee08e2a40c938544de,01/10/2020 13:11,30/10/2020 15:19,27/08/2021 15:51,,,0,,[https://iceyedev.atlassian.net/wiki/spaces/SMS/pages/2243428887/ICEYE-SM-PCD-0136+Antennas+Installation+Procedure|https://iceyedev.atlassian.net/wiki/spaces/SMS/pages/2243428887/ICEYE-SM-PCD-0136+Antennas+Installation+Procedure|smart-link] ,,Paavo Heiskanen,5e53b3ee08e2a40c938544de,,,,,,,,,,,,,,,,,,,,,,,,,,,,,{},purple,1|hzvgsf:,,37447,Payload,To Do
Payload harness installation,SAIV-89,37960,Task,To Do,SAIV,"Satellite Assembly, Integration and Verification",software,Paavo Heiskanen,5e53b3ee08e2a40c938544de,,Medium,,,,Paavo Heiskanen,5e53b3ee08e2a40c938544de,Paavo Heiskanen,5e53b3ee08e2a40c938544de,01/10/2020 13:11,30/10/2020 15:19,27/08/2021 15:51,,,0,,[https://iceyedev.atlassian.net/wiki/spaces/SMS/pages/2250932523/ICEYE-SM-PCD-0177+Payload+harness+installation+Procedure|https://iceyedev.atlassian.net/wiki/spaces/SMS/pages/2250932523/ICEYE-SM-PCD-0177+Payload+harness+installation+Procedure|smart-link] ,,Paavo Heiskanen,5e53b3ee08e2a40c938544de,,,,,,,,,,,,,,,,,,,,,,,,,,,,,{},purple,1|hzvgs7:,,37447,Payload,To Do
RF Cables routing,SAIV-88,37959,Task,To Do,SAIV,"Satellite Assembly, Integration and Verification",software,Paavo Heiskanen,5e53b3ee08e2a40c938544de,,Medium,,,,Paavo Heiskanen,5e53b3ee08e2a40c938544de,Paavo Heiskanen,5e53b3ee08e2a40c938544de,01/10/2020 13:10,30/10/2020 15:19,27/08/2021 15:51,,,0,,[https://iceyedev.atlassian.net/wiki/spaces/SMS/pages/2251685919/ICEYE-SM-PCD-0183+RF+Cables+routing+Procedure|https://iceyedev.atlassian.net/wiki/spaces/SMS/pages/2251685919/ICEYE-SM-PCD-0183+RF+Cables+routing+Procedure|smart-link] ,,Paavo Heiskanen,5e53b3ee08e2a40c938544de,,,,,,,,,,,,,,,,,,,,,,,,,,,,,{},purple,1|hzvgrz:,,37447,Payload,To Do
CDR + PA sandwich installation,SAIV-87,37958,Task,To Do,SAIV,"Satellite Assembly, Integration and Verification",software,Paavo Heiskanen,5e53b3ee08e2a40c938544de,,Medium,,,,Paavo Heiskanen,5e53b3ee08e2a40c938544de,Paavo Heiskanen,5e53b3ee08e2a40c938544de,01/10/2020 13:09,30/10/2020 15:19,27/08/2021 15:51,,,0,,[https://iceyedev.atlassian.net/wiki/spaces/SMS/pages/2243592824|https://iceyedev.atlassian.net/wiki/spaces/SMS/pages/2243592824|smart-link] ,,Paavo Heiskanen,5e53b3ee08e2a40c938544de,,,,,,,,,,,,,,,,,,,,,,,,,,,,,{},purple,1|hzvgrr:,,37447,Payload,To Do
Antenna Frame installation,SAIV-86,37957,Task,To Do,SAIV,"Satellite Assembly, Integration and Verification",software,Paavo Heiskanen,5e53b3ee08e2a40c938544de,,Medium,,,,Paavo Heiskanen,5e53b3ee08e2a40c938544de,Paavo Heiskanen,5e53b3ee08e2a40c938544de,01/10/2020 13:09,30/10/2020 15:18,27/08/2021 15:51,,,0,,[https://iceyedev.atlassian.net/wiki/spaces/SMS/pages/2243788861/ICEYE-SM-PCD-0134+Antenna+Frame+Installation+Procedure|https://iceyedev.atlassian.net/wiki/spaces/SMS/pages/2243788861/ICEYE-SM-PCD-0134+Antenna+Frame+Installation+Procedure|smart-link] ,,Paavo Heiskanen,5e53b3ee08e2a40c938544de,,,,,,,,,,,,,,,,,,,,,,,,,,,,,{},purple,1|hzvgrj:,,37447,Payload,To Do
Harness 2,SAIV-84,37912,Epic,To Do,SAIV,"Satellite Assembly, Integration and Verification",software,Paavo Heiskanen,5e53b3ee08e2a40c938544de,,Medium,,,,Paavo Heiskanen,5e53b3ee08e2a40c938544de,Paavo Heiskanen,5e53b3ee08e2a40c938544de,30/09/2020 15:33,14/11/2020 17:25,27/08/2021 15:51,,30/09/2020 00:00,0,,[https://iceyedev.atlassian.net/wiki/spaces/SMS/pages/2243756949/ICEYE-SM-PCD-0162+Harness+2+Integration+Procedure|https://iceyedev.atlassian.net/wiki/spaces/SMS/pages/2243756949/ICEYE-SM-PCD-0162+Harness+2+Integration+Procedure|smart-link] ,,Paavo Heiskanen,5e53b3ee08e2a40c938544de,,,,,,,,,SAIV-24,,,,,,,,,,,,,,,,,,,,{},purple,1|hzve3r:,23/09/2020 00:00,,,To Do
Harness 1,SAIV-83,37910,Epic,To Do,SAIV,"Satellite Assembly, Integration and Verification",software,Paavo Heiskanen,5e53b3ee08e2a40c938544de,,Medium,,,,Paavo Heiskanen,5e53b3ee08e2a40c938544de,Paavo Heiskanen,5e53b3ee08e2a40c938544de,30/09/2020 15:08,14/11/2020 17:10,27/08/2021 15:51,,17/09/2020 00:00,0,,[https://iceyedev.atlassian.net/wiki/spaces/SMS/pages/2248048663/ICEYE-SM-PCD-0161+Harness+1+Integration+Procedure|https://iceyedev.atlassian.net/wiki/spaces/SMS/pages/2248048663/ICEYE-SM-PCD-0161+Harness+1+Integration+Procedure|smart-link] ,,Paavo Heiskanen,5e53b3ee08e2a40c938544de,,,,,,,,,SAIV-12,,,,,,,,,,,,,,,,,,,,{},purple,1|hzve27:,11/09/2020 00:00,,,To Do
XANT mounting,SAIV-82,37909,Task,To Do,SAIV,"Satellite Assembly, Integration and Verification",software,Paavo Heiskanen,5e53b3ee08e2a40c938544de,,Medium,,,,Paavo Heiskanen,5e53b3ee08e2a40c938544de,Paavo Heiskanen,5e53b3ee08e2a40c938544de,30/09/2020 14:22,30/10/2020 15:18,27/08/2021 15:51,,,0,,[https://iceyedev.atlassian.net/wiki/spaces/SMS/pages/2250965325/ICEYE-SM-PCD-0206+XANT+mounting+Procedure|https://iceyedev.atlassian.net/wiki/spaces/SMS/pages/2250965325/ICEYE-SM-PCD-0206+XANT+mounting+Procedure|smart-link] ,,Paavo Heiskanen,5e53b3ee08e2a40c938544de,,,,,,,,,,,,,,,,,,,,,,,,,,,,,{},purple,1|hzvggn:,,37474,XANT,To Do
Bracket and isolators installation,SAIV-81,37908,Task,To Do,SAIV,"Satellite Assembly, Integration and Verification",software,Paavo Heiskanen,5e53b3ee08e2a40c938544de,,Medium,,,,Paavo Heiskanen,5e53b3ee08e2a40c938544de,Paavo Heiskanen,5e53b3ee08e2a40c938544de,30/09/2020 14:22,30/10/2020 15:18,27/08/2021 15:51,,,0,,[https://iceyedev.atlassian.net/wiki/spaces/SMS/pages/2243625152/ICEYE-SM-PCD-0141+Bracket+and+Isolators+Installation+%28XANT%29+Procedure|https://iceyedev.atlassian.net/wiki/spaces/SMS/pages/2243625152/ICEYE-SM-PCD-0141+Bracket+and+Isolators+Installation+%28XANT%29+Procedure|smart-link] ,,Paavo Heiskanen,5e53b3ee08e2a40c938544de,,,,,,,,,,,,,,,,,,,,,,,,,,,,,{},purple,1|hzvggf:,,37474,XANT,To Do
Filters installation,SAIV-80,37907,Task,To Do,SAIV,"Satellite Assembly, Integration and Verification",software,Paavo Heiskanen,5e53b3ee08e2a40c938544de,,Medium,,,,Paavo Heiskanen,5e53b3ee08e2a40c938544de,Paavo Heiskanen,5e53b3ee08e2a40c938544de,30/09/2020 14:21,30/10/2020 15:18,27/08/2021 15:51,,,0,,[https://iceyedev.atlassian.net/wiki/spaces/SMS/pages/2245591185/ICEYE-SM-PCD-0157+Filters+Installation+Procedure|https://iceyedev.atlassian.net/wiki/spaces/SMS/pages/2245591185/ICEYE-SM-PCD-0157+Filters+Installation+Procedure|smart-link] ,,Paavo Heiskanen,5e53b3ee08e2a40c938544de,,,,,,,,,,,,,,,,,,,,,,,,,,,,,{},purple,1|hzvgg7:,,37445,Filters,To Do
Thermal paste application (Filters),SAIV-79,37906,Task,To Do,SAIV,"Satellite Assembly, Integration and Verification",software,Paavo Heiskanen,5e53b3ee08e2a40c938544de,,Medium,,,,Paavo Heiskanen,5e53b3ee08e2a40c938544de,Paavo Heiskanen,5e53b3ee08e2a40c938544de,30/09/2020 14:20,30/10/2020 15:18,27/08/2021 15:51,,,0,,[https://iceyedev.atlassian.net/wiki/spaces/SMS/pages/2249261449/ICEYE-SM-PCD-0198+Thermal+Paste+Application+Process+Description|https://iceyedev.atlassian.net/wiki/spaces/SMS/pages/2249261449/ICEYE-SM-PCD-0198+Thermal+Paste+Application+Process+Description|smart-link] ,,Paavo Heiskanen,5e53b3ee08e2a40c938544de,,,,,,,,,,,,,,,,,,,,,,,,,,,,,{},purple,1|hzvgfz:,,37445,Filters,To Do
Triangle bracket assembly,SAIV-78,37905,Task,To Do,SAIV,"Satellite Assembly, Integration and Verification",software,Paavo Heiskanen,5e53b3ee08e2a40c938544de,,Medium,,,,Paavo Heiskanen,5e53b3ee08e2a40c938544de,Paavo Heiskanen,5e53b3ee08e2a40c938544de,30/09/2020 14:20,30/10/2020 15:18,27/08/2021 15:51,,,0,,[https://iceyedev.atlassian.net/wiki/spaces/SMS/pages/2249392531/ICEYE-SM-PCD-0201+Triangle+bracket+assembly+Procedure|https://iceyedev.atlassian.net/wiki/spaces/SMS/pages/2249392531/ICEYE-SM-PCD-0201+Triangle+bracket+assembly+Procedure|smart-link] ,,Paavo Heiskanen,5e53b3ee08e2a40c938544de,,,,,,,,,,,,,,,,,,,,,,,,,,,,,{},purple,1|hzvgfr:,,37445,Filters,To Do
CDRLite Installation,SAIV-77,37904,Task,To Do,SAIV,"Satellite Assembly, Integration and Verification",software,Paavo Heiskanen,5e53b3ee08e2a40c938544de,,Medium,,,,Paavo Heiskanen,5e53b3ee08e2a40c938544de,Paavo Heiskanen,5e53b3ee08e2a40c938544de,30/09/2020 14:19,30/10/2020 15:17,27/08/2021 15:51,,,0,,[https://iceyedev.atlassian.net/wiki/spaces/SMS/pages/2245623825/ICEYE-SM-PCD-0149+CDRLite+Installation+Procedure|https://iceyedev.atlassian.net/wiki/spaces/SMS/pages/2245623825/ICEYE-SM-PCD-0149+CDRLite+Installation+Procedure|smart-link] ,,Paavo Heiskanen,5e53b3ee08e2a40c938544de,,,,,,,,,,,,,,,,,,,,,,,,,,,,,{},purple,1|hzvgfj:,,37460,CDRLite,To Do
Thermal paste application (CDRLite),SAIV-76,37903,Task,To Do,SAIV,"Satellite Assembly, Integration and Verification",software,Paavo Heiskanen,5e53b3ee08e2a40c938544de,,Medium,,,,Paavo Heiskanen,5e53b3ee08e2a40c938544de,Paavo Heiskanen,5e53b3ee08e2a40c938544de,30/09/2020 14:18,30/10/2020 15:17,27/08/2021 15:51,,,0,,[https://iceyedev.atlassian.net/wiki/spaces/SMS/pages/2249261449/ICEYE-SM-PCD-0198+Thermal+Paste+Application+Process+Description|https://iceyedev.atlassian.net/wiki/spaces/SMS/pages/2249261449/ICEYE-SM-PCD-0198+Thermal+Paste+Application+Process+Description|smart-link] ,,Paavo Heiskanen,5e53b3ee08e2a40c938544de,,,,,,,,,,,,,,,,,,,,,,,,,,,,,{},purple,1|hzvgfb:,,37460,CDRLite,To Do
IHXB Installation,SAIV-75,37902,Task,To Do,SAIV,"Satellite Assembly, Integration and Verification",software,Paavo Heiskanen,5e53b3ee08e2a40c938544de,,Medium,,,,Paavo Heiskanen,5e53b3ee08e2a40c938544de,Paavo Heiskanen,5e53b3ee08e2a40c938544de,30/09/2020 14:17,30/09/2020 14:17,27/08/2021 15:51,,,0,,,,Paavo Heiskanen,5e53b3ee08e2a40c938544de,,,,,,,,,,,,,,,,,,,,,,,,,,,,,{},purple,1|hzvgf3:,,,,To Do
Thermal paste application (IHXB),SAIV-74,37901,Task,To Do,SAIV,"Satellite Assembly, Integration and Verification",software,Paavo Heiskanen,5e53b3ee08e2a40c938544de,,Medium,,,,Paavo Heiskanen,5e53b3ee08e2a40c938544de,Paavo Heiskanen,5e53b3ee08e2a40c938544de,30/09/2020 14:17,30/09/2020 14:17,27/08/2021 15:51,,,0,,,,Paavo Heiskanen,5e53b3ee08e2a40c938544de,,,,,,,,,,,,,,,,,,,,,,,,,,,,,{},purple,1|hzvgev:,,,,To Do
Stand-offs installation,SAIV-73,37900,Task,To Do,SAIV,"Satellite Assembly, Integration and Verification",software,Paavo Heiskanen,5e53b3ee08e2a40c938544de,,Medium,,,,Paavo Heiskanen,5e53b3ee08e2a40c938544de,Paavo Heiskanen,5e53b3ee08e2a40c938544de,30/09/2020 14:17,30/09/2020 14:17,27/08/2021 15:51,,,0,,,,Paavo Heiskanen,5e53b3ee08e2a40c938544de,,,,,,,,,,,,,,,,,,,,,,,,,,,,,{},purple,1|hzvgen:,,,,To Do
RPU & IHXBR Installation,SAIV-72,37899,Task,To Do,SAIV,"Satellite Assembly, Integration and Verification",software,Paavo Heiskanen,5e53b3ee08e2a40c938544de,,Medium,,,,Paavo Heiskanen,5e53b3ee08e2a40c938544de,Paavo Heiskanen,5e53b3ee08e2a40c938544de,30/09/2020 14:17,30/10/2020 15:17,27/08/2021 15:51,,,0,,"Installation checklist: [https://iceyedev.atlassian.net/wiki/spaces/SMS/pages/2203779751/EXAMPLE+RPU+Installation+procedure|https://iceyedev.atlassian.net/wiki/spaces/SMS/pages/2203779751/EXAMPLE+RPU+Installation+procedure|smart-link] 

[https://iceyedev.atlassian.net/wiki/spaces/SMS/pages/2251555147|https://iceyedev.atlassian.net/wiki/spaces/SMS/pages/2251555147|smart-link] ",,Paavo Heiskanen,5e53b3ee08e2a40c938544de,,,,,,,,,,,,,,,,,,,,,,,,,,,,,{},purple,1|hzvgef:,,37450,RPU & IHXBR installation,To Do
Thermal paste application (RPU),SAIV-71,37898,Task,To Do,SAIV,"Satellite Assembly, Integration and Verification",software,Paavo Heiskanen,5e53b3ee08e2a40c938544de,,Medium,,,,Paavo Heiskanen,5e53b3ee08e2a40c938544de,Paavo Heiskanen,5e53b3ee08e2a40c938544de,30/09/2020 14:17,30/10/2020 15:17,27/08/2021 15:51,,,0,,[https://iceyedev.atlassian.net/wiki/spaces/SMS/pages/2249261449/ICEYE-SM-PCD-0198+Thermal+Paste+Application+Process+Description|https://iceyedev.atlassian.net/wiki/spaces/SMS/pages/2249261449/ICEYE-SM-PCD-0198+Thermal+Paste+Application+Process+Description|smart-link] ,,Paavo Heiskanen,5e53b3ee08e2a40c938544de,,,,,,,,,,,,,,,,,,,,,,,,,,,,,{},purple,1|hzvge7:,,37450,RPU & IHXBR installation,To Do
CDRL Installation,SAIV-70,37897,Task,To Do,SAIV,"Satellite Assembly, Integration and Verification",software,Paavo Heiskanen,5e53b3ee08e2a40c938544de,,Medium,,,,Paavo Heiskanen,5e53b3ee08e2a40c938544de,Paavo Heiskanen,5e53b3ee08e2a40c938544de,30/09/2020 14:15,30/09/2020 14:15,27/08/2021 15:51,,,0,,,,Paavo Heiskanen,5e53b3ee08e2a40c938544de,,,,,,,,,,,,,,,,,,,,,,,,,,,,,{},purple,1|hzvgdz:,,,,To Do
Thermal past application (CDRL),SAIV-69,37896,Task,To Do,SAIV,"Satellite Assembly, Integration and Verification",software,Paavo Heiskanen,5e53b3ee08e2a40c938544de,,Medium,,,,Paavo Heiskanen,5e53b3ee08e2a40c938544de,Paavo Heiskanen,5e53b3ee08e2a40c938544de,30/09/2020 14:15,30/09/2020 14:15,27/08/2021 15:51,,,0,,,,Paavo Heiskanen,5e53b3ee08e2a40c938544de,,,,,,,,,,,,,,,,,,,,,,,,,,,,,{},purple,1|hzvgdr:,,,,To Do
OBC-Big installation,SAIV-68,37895,Task,To Do,SAIV,"Satellite Assembly, Integration and Verification",software,Paavo Heiskanen,5e53b3ee08e2a40c938544de,,Medium,,,,Paavo Heiskanen,5e53b3ee08e2a40c938544de,Paavo Heiskanen,5e53b3ee08e2a40c938544de,30/09/2020 14:13,30/10/2020 15:16,27/08/2021 15:51,,,0,,[https://iceyedev.atlassian.net/wiki/spaces/SMS/pages/2250932508/ICEYE-SM-PCD-0175+OBC-Big+installation+Procedure|https://iceyedev.atlassian.net/wiki/spaces/SMS/pages/2250932508/ICEYE-SM-PCD-0175+OBC-Big+installation+Procedure|smart-link] ,,Paavo Heiskanen,5e53b3ee08e2a40c938544de,,,,,,,,,,,,,,,,,,,,,,,,,,,,,{},purple,1|hzvgdj:,,37459,OBC-Big,To Do
Thermal paste application (OBC Big),SAIV-67,37894,Task,To Do,SAIV,"Satellite Assembly, Integration and Verification",software,Paavo Heiskanen,5e53b3ee08e2a40c938544de,,Medium,,,,Paavo Heiskanen,5e53b3ee08e2a40c938544de,Paavo Heiskanen,5e53b3ee08e2a40c938544de,30/09/2020 14:12,30/10/2020 15:16,27/08/2021 15:51,,,0,,[https://iceyedev.atlassian.net/wiki/spaces/SMS/pages/2249261449/ICEYE-SM-PCD-0198+Thermal+Paste+Application+Process+Description|https://iceyedev.atlassian.net/wiki/spaces/SMS/pages/2249261449/ICEYE-SM-PCD-0198+Thermal+Paste+Application+Process+Description|smart-link] ,,Paavo Heiskanen,5e53b3ee08e2a40c938544de,,,,,,,,,,,,,,,,,,,,,,,,,,,,,{},purple,1|hzvgdb:,,37459,OBC-Big,To Do
Antenna mounting,SAIV-66,37893,Task,To Do,SAIV,"Satellite Assembly, Integration and Verification",software,Paavo Heiskanen,5e53b3ee08e2a40c938544de,,Medium,,,,Paavo Heiskanen,5e53b3ee08e2a40c938544de,Paavo Heiskanen,5e53b3ee08e2a40c938544de,30/09/2020 14:12,30/10/2020 15:16,27/08/2021 15:51,,,0,,[https://iceyedev.atlassian.net/wiki/spaces/SMS/pages/2243428880/ICEYE-SM-PCD-0135+Antenna+Mounting+Procedure|https://iceyedev.atlassian.net/wiki/spaces/SMS/pages/2243428880/ICEYE-SM-PCD-0135+Antenna+Mounting+Procedure|smart-link] ,,Paavo Heiskanen,5e53b3ee08e2a40c938544de,,,,,,,,,,,,,,,,,,,,,,,,,,,,,{},purple,1|hzvgd3:,,37442,S-Band ANT,To Do
Bracket and isolators installation,SAIV-65,37892,Task,To Do,SAIV,"Satellite Assembly, Integration and Verification",software,Paavo Heiskanen,5e53b3ee08e2a40c938544de,,Medium,,,,Paavo Heiskanen,5e53b3ee08e2a40c938544de,Paavo Heiskanen,5e53b3ee08e2a40c938544de,30/09/2020 14:12,30/10/2020 15:16,27/08/2021 15:51,,,0,,[https://iceyedev.atlassian.net/wiki/spaces/SMS/pages/2243592331/ICEYE-SM-PCD-0140+Bracket+and+Isolators+Installation+%28S-band+ANT%29+Procedure|https://iceyedev.atlassian.net/wiki/spaces/SMS/pages/2243592331/ICEYE-SM-PCD-0140+Bracket+and+Isolators+Installation+%28S-band+ANT%29+Procedure|smart-link] ,,Paavo Heiskanen,5e53b3ee08e2a40c938544de,,,,,,,,,,,,,,,,,,,,,,,,,,,,,{},purple,1|hzvgcv:,,37442,S-Band ANT,To Do
Splitter installation,SAIV-64,37891,Task,To Do,SAIV,"Satellite Assembly, Integration and Verification",software,Paavo Heiskanen,5e53b3ee08e2a40c938544de,,Medium,,,,Paavo Heiskanen,5e53b3ee08e2a40c938544de,Paavo Heiskanen,5e53b3ee08e2a40c938544de,30/09/2020 14:11,30/10/2020 15:16,27/08/2021 15:51,,,0,,[https://iceyedev.atlassian.net/wiki/spaces/SMS/pages/2249490809/ICEYE-SM-PCD-0192+Splitter+installation+Procedure|https://iceyedev.atlassian.net/wiki/spaces/SMS/pages/2249490809/ICEYE-SM-PCD-0192+Splitter+installation+Procedure|smart-link] ,,Paavo Heiskanen,5e53b3ee08e2a40c938544de,,,,,,,,,,,,,,,,,,,,,,,,,,,,,{},purple,1|hzvgcn:,,37459,OBC-Big,To Do
CONT installation,SAIV-57,37812,Task,To Do,SAIV,"Satellite Assembly, Integration and Verification",software,Paavo Heiskanen,5e53b3ee08e2a40c938544de,,Medium,,,,Paavo Heiskanen,5e53b3ee08e2a40c938544de,Paavo Heiskanen,5e53b3ee08e2a40c938544de,29/09/2020 13:19,30/10/2020 15:14,27/08/2021 15:51,,,0,,[https://iceyedev.atlassian.net/wiki/spaces/SMS/pages/2245591107/ICEYE-SM-PCD-0153+CONT+installation+Procedure|https://iceyedev.atlassian.net/wiki/spaces/SMS/pages/2245591107/ICEYE-SM-PCD-0153+CONT+installation+Procedure|smart-link] ,,Paavo Heiskanen,5e53b3ee08e2a40c938544de,,,,,,,,,,,,,,,,,,,,,,,,,,,,,{},purple,1|hzvftr:,,37438,CONT,To Do
Thermal paste application (CONT),SAIV-56,37811,Task,To Do,SAIV,"Satellite Assembly, Integration and Verification",software,Paavo Heiskanen,5e53b3ee08e2a40c938544de,,Medium,,,,Paavo Heiskanen,5e53b3ee08e2a40c938544de,Paavo Heiskanen,5e53b3ee08e2a40c938544de,29/09/2020 13:19,30/10/2020 15:15,27/08/2021 15:51,,,0,,[https://iceyedev.atlassian.net/wiki/spaces/SMS/pages/2249261449/ICEYE-SM-PCD-0198+Thermal+Paste+Application+Process+Description|https://iceyedev.atlassian.net/wiki/spaces/SMS/pages/2249261449/ICEYE-SM-PCD-0198+Thermal+Paste+Application+Process+Description|smart-link] ,,Paavo Heiskanen,5e53b3ee08e2a40c938544de,,,,,,,,,,,,,,,,,,,,,,,,,,,,,{},purple,1|hzvftj:,,37438,CONT,To Do
PCM Assembly installation,SAIV-55,37810,Task,To Do,SAIV,"Satellite Assembly, Integration and Verification",software,Paavo Heiskanen,5e53b3ee08e2a40c938544de,,Medium,,,,Paavo Heiskanen,5e53b3ee08e2a40c938544de,Paavo Heiskanen,5e53b3ee08e2a40c938544de,29/09/2020 13:16,30/10/2020 15:15,27/08/2021 15:51,,,0,,[https://iceyedev.atlassian.net/wiki/spaces/SMS/pages/2251653181/ICEYE-SM-PCD-0179+PCM+Assembly+installation+Procedure|https://iceyedev.atlassian.net/wiki/spaces/SMS/pages/2251653181/ICEYE-SM-PCD-0179+PCM+Assembly+installation+Procedure|smart-link] [https://iceyedev.atlassian.net/wiki/spaces/SMS/pages/2251653181/ICEYE-SM-PCD-0179+PCM+Assembly+installation+Procedure|https://iceyedev.atlassian.net/wiki/spaces/SMS/pages/2251653181/ICEYE-SM-PCD-0179+PCM+Assembly+installation+Procedure|smart-link] ,,Paavo Heiskanen,5e53b3ee08e2a40c938544de,,,,,,,,,,,,,,,,,,,,,,,,,,,,,{},purple,1|hzvftb:,,37437,PCMA,To Do
Thermal paste application (PCMA),SAIV-54,37809,Task,To Do,SAIV,"Satellite Assembly, Integration and Verification",software,Paavo Heiskanen,5e53b3ee08e2a40c938544de,,Medium,,,,Paavo Heiskanen,5e53b3ee08e2a40c938544de,Paavo Heiskanen,5e53b3ee08e2a40c938544de,29/09/2020 13:15,30/10/2020 15:15,27/08/2021 15:51,,,0,,[https://iceyedev.atlassian.net/wiki/spaces/SMS/pages/2249261449/ICEYE-SM-PCD-0198+Thermal+Paste+Application+Process+Description|https://iceyedev.atlassian.net/wiki/spaces/SMS/pages/2249261449/ICEYE-SM-PCD-0198+Thermal+Paste+Application+Process+Description|smart-link] ,,Paavo Heiskanen,5e53b3ee08e2a40c938544de,,,,,,,,,,,,,,,,,,,,,,,,,,,,,{},purple,1|hzvft3:,,37437,PCMA,To Do
Watchdog installation,SAIV-53,37808,Task,To Do,SAIV,"Satellite Assembly, Integration and Verification",software,Paavo Heiskanen,5e53b3ee08e2a40c938544de,,Medium,,,,Paavo Heiskanen,5e53b3ee08e2a40c938544de,Paavo Heiskanen,5e53b3ee08e2a40c938544de,29/09/2020 13:14,30/10/2020 15:14,27/08/2021 15:51,,,0,,[https://iceyedev.atlassian.net/wiki/spaces/SMS/pages/2251325775/ICEYE-SM-PCD-0203+WDOG+Integration+Procedure|https://iceyedev.atlassian.net/wiki/spaces/SMS/pages/2251325775/ICEYE-SM-PCD-0203+WDOG+Integration+Procedure|smart-link] ,,Paavo Heiskanen,5e53b3ee08e2a40c938544de,,,,,,,,,,,,,,,,,,,,,,,,,,,,,{},purple,1|hzvfsv:,,37435,WDOG,To Do
Battery installation,SAIV-51,37806,Task,To Do,SAIV,"Satellite Assembly, Integration and Verification",software,Paavo Heiskanen,5e53b3ee08e2a40c938544de,,Medium,,,,Paavo Heiskanen,5e53b3ee08e2a40c938544de,Paavo Heiskanen,5e53b3ee08e2a40c938544de,29/09/2020 13:13,30/10/2020 15:15,27/08/2021 15:51,,,0,,[https://iceyedev.atlassian.net/wiki/spaces/SMS/pages/2243199848/ICEYE-SM-PCD-0138+Battery+Installation+Procedure|https://iceyedev.atlassian.net/wiki/spaces/SMS/pages/2243199848/ICEYE-SM-PCD-0138+Battery+Installation+Procedure|smart-link] ,,Paavo Heiskanen,5e53b3ee08e2a40c938544de,,,,,,,,,,,,,,,,,,,,,,,,,,,,,{},purple,1|hzvfsn:,,37436,BATT,To Do
Thermal paste application (BATT),SAIV-50,37805,Task,To Do,SAIV,"Satellite Assembly, Integration and Verification",software,Paavo Heiskanen,5e53b3ee08e2a40c938544de,,Medium,,,,Paavo Heiskanen,5e53b3ee08e2a40c938544de,Paavo Heiskanen,5e53b3ee08e2a40c938544de,29/09/2020 13:12,30/10/2020 15:15,27/08/2021 15:51,,,0,,[https://iceyedev.atlassian.net/wiki/spaces/SMS/pages/2249261449/ICEYE-SM-PCD-0198+Thermal+Paste+Application+Process+Description|https://iceyedev.atlassian.net/wiki/spaces/SMS/pages/2249261449/ICEYE-SM-PCD-0198+Thermal+Paste+Application+Process+Description|smart-link] ,,Paavo Heiskanen,5e53b3ee08e2a40c938544de,,,,,,,,,,,,,,,,,,,,,,,,,,,,,{},purple,1|hzvfsf:,,37436,BATT,To Do
Front and Back Panels installation,SAIV-49,37802,Task,To Do,SAIV,"Satellite Assembly, Integration and Verification",software,Paavo Heiskanen,5e53b3ee08e2a40c938544de,,Medium,,,,Paavo Heiskanen,5e53b3ee08e2a40c938544de,Paavo Heiskanen,5e53b3ee08e2a40c938544de,29/09/2020 13:10,07/05/2021 12:30,27/08/2021 15:51,,,0,,[https://iceyedev.atlassian.net/wiki/spaces/SMS/pages/2245984350/ICEYE-SM-PCD-0159+Front+and+Back+Panels+installation+Procedure|https://iceyedev.atlassian.net/wiki/spaces/SMS/pages/2245984350/ICEYE-SM-PCD-0159+Front+and+Back+Panels+installation+Procedure|smart-link] ,,Paavo Heiskanen,5e53b3ee08e2a40c938544de,,,,,,,,,,,,,,,,,,,,,,,07/May/21 12:30;hannah.ploskonka;BACKPLATE_X11_TEDLAR1.JPEG;https://iceyedev.atlassian.net/secure/attachment/43270/BACKPLATE_X11_TEDLAR1.JPEG,07/May/21 12:30;hannah.ploskonka;BACKPLATE_X11_TEDLAR2.JPEG;https://iceyedev.atlassian.net/secure/attachment/43272/BACKPLATE_X11_TEDLAR2.JPEG,07/May/21 12:30;hannah.ploskonka;BACKPLATE_X11_TEDLAR3.JPEG;https://iceyedev.atlassian.net/secure/attachment/43274/BACKPLATE_X11_TEDLAR3.JPEG,07/May/21 12:30;hannah.ploskonka;BACKPLATE_X11_TEDLAR4.JPEG;https://iceyedev.atlassian.net/secure/attachment/43269/BACKPLATE_X11_TEDLAR4.JPEG,07/May/21 12:30;hannah.ploskonka;BACKPLATE_X11_TEDLAR5.JPEG;https://iceyedev.atlassian.net/secure/attachment/43271/BACKPLATE_X11_TEDLAR5.JPEG,07/May/21 12:30;hannah.ploskonka;BACKPLATE_X11_TEDLAR6.JPEG;https://iceyedev.atlassian.net/secure/attachment/43273/BACKPLATE_X11_TEDLAR6.JPEG,{},purple,1|hzvfrr:,,37434,BUS,To Do
Internal walls and X-frame installation,SAIV-48,37801,Task,To Do,SAIV,"Satellite Assembly, Integration and Verification",software,Paavo Heiskanen,5e53b3ee08e2a40c938544de,,Medium,,,,Paavo Heiskanen,5e53b3ee08e2a40c938544de,Paavo Heiskanen,5e53b3ee08e2a40c938544de,29/09/2020 13:08,30/10/2020 15:14,27/08/2021 15:51,,,0,,[https://iceyedev.atlassian.net/wiki/spaces/SMS/pages/2251390985/ICEYE-SM-PCD-0170++Internal+walls+and+X-frame+installation+Procedure|https://iceyedev.atlassian.net/wiki/spaces/SMS/pages/2251390985/ICEYE-SM-PCD-0170++Internal+walls+and+X-frame+installation+Procedure|smart-link] ,,Paavo Heiskanen,5e53b3ee08e2a40c938544de,,,,,,,,,,,,,,,,,,,,,,,,,,,,,{},purple,1|hzvfrj:,,37434,BUS,To Do
Bottom plate installation,SAIV-47,37799,Task,To Do,SAIV,"Satellite Assembly, Integration and Verification",software,Paavo Heiskanen,5e53b3ee08e2a40c938544de,,Medium,,,,Paavo Heiskanen,5e53b3ee08e2a40c938544de,Paavo Heiskanen,5e53b3ee08e2a40c938544de,29/09/2020 13:07,30/10/2020 15:14,27/08/2021 15:51,,,0,,[https://iceyedev.atlassian.net/wiki/spaces/SMS/pages/2243559591/ICEYE-SM-PCD-0139+Bottom+Plate+Installation+Procedure|https://iceyedev.atlassian.net/wiki/spaces/SMS/pages/2243559591/ICEYE-SM-PCD-0139+Bottom+Plate+Installation+Procedure|smart-link] ,,Paavo Heiskanen,5e53b3ee08e2a40c938544de,,,,,,,,,,,,,,,,,,,,,,,,,,,,,{},purple,1|hzvfqv:,,37434,BUS,To Do
Workspace preparation,SAIV-46,37798,Task,To Do,SAIV,"Satellite Assembly, Integration and Verification",software,Paavo Heiskanen,5e53b3ee08e2a40c938544de,,Medium,,,,Paavo Heiskanen,5e53b3ee08e2a40c938544de,Paavo Heiskanen,5e53b3ee08e2a40c938544de,29/09/2020 13:06,30/10/2020 15:14,26/08/2021 11:09,,,0,,[https://iceyedev.atlassian.net/wiki/spaces/SMS/pages/2251653243/ICEYE-SM-PCD-0204+Workspace+preparation+Procedure|https://iceyedev.atlassian.net/wiki/spaces/SMS/pages/2251653243/ICEYE-SM-PCD-0204+Workspace+preparation+Procedure|smart-link] ,,Paavo Heiskanen,5e53b3ee08e2a40c938544de,,,,,,,,,,,,,,,,,,,,,,,,,,,,,{},purple,1|hzvfqn:,,37434,BUS,To Do
Check Battery connection,SAIV-41,37574,Task,To Do,SAIV,"Satellite Assembly, Integration and Verification",software,Paavo Heiskanen,5e53b3ee08e2a40c938544de,,Medium,,,,Arttu Tiainen,5f3a7facfdc3f5003f9cb843,Arttu Tiainen,5f3a7facfdc3f5003f9cb843,24/09/2020 17:20,24/09/2020 17:20,27/08/2021 15:51,,,0,,,,Arttu Tiainen,5f3a7facfdc3f5003f9cb843,,,,,,,,,,,,,,,,,,,,,,,,,,,,,{},purple,1|hzvep3:,,37458,System Level Check Group 1,To Do
Tests,SAIV-40,37573,Task,To Do,SAIV,"Satellite Assembly, Integration and Verification",software,Paavo Heiskanen,5e53b3ee08e2a40c938544de,,Medium,,,,Arttu Tiainen,5f3a7facfdc3f5003f9cb843,Arttu Tiainen,5f3a7facfdc3f5003f9cb843,24/09/2020 17:19,24/09/2020 17:19,27/08/2021 15:51,,,0,,,,Arttu Tiainen,5f3a7facfdc3f5003f9cb843,,,,,,,,,,,,,,,,,,,,,,,,,,,,,{},purple,1|hzveov:,,37529,System Level Check Group 2,To Do
CAN Continuity,SAIV-39,37572,Task,To Do,SAIV,"Satellite Assembly, Integration and Verification",software,Paavo Heiskanen,5e53b3ee08e2a40c938544de,,Medium,,,,Arttu Tiainen,5f3a7facfdc3f5003f9cb843,Arttu Tiainen,5f3a7facfdc3f5003f9cb843,24/09/2020 17:19,24/09/2020 17:20,27/08/2021 15:51,,,0,,,,Arttu Tiainen,5f3a7facfdc3f5003f9cb843,,,,,,,,,,,,,,,,,,,,,,,,,,,,,{},purple,1|hzveon:,,37458,System Level Check Group 1,To Do
Tests,SAIV-38,37571,Task,To Do,SAIV,"Satellite Assembly, Integration and Verification",software,Paavo Heiskanen,5e53b3ee08e2a40c938544de,,Medium,,,,Arttu Tiainen,5f3a7facfdc3f5003f9cb843,Arttu Tiainen,5f3a7facfdc3f5003f9cb843,24/09/2020 17:19,24/09/2020 17:19,27/08/2021 15:51,,,0,,,,Arttu Tiainen,5f3a7facfdc3f5003f9cb843,,,,,,,,,,,,,,,,,,,,,,,,,,,,,{},purple,1|hzveof:,,37534,TLM connection check,To Do
TLM connection check,SAIV-37,37534,Epic,To Do,SAIV,"Satellite Assembly, Integration and Verification",software,Paavo Heiskanen,5e53b3ee08e2a40c938544de,,Medium,,,,Arttu Tiainen,5f3a7facfdc3f5003f9cb843,Arttu Tiainen,5f3a7facfdc3f5003f9cb843,24/09/2020 12:17,14/11/2020 17:53,27/08/2021 15:51,,16/10/2020 00:00,0,,,,Arttu Tiainen,5f3a7facfdc3f5003f9cb843,,,,,,,,,SAIV-33,,,,,,,,,,,,,,,,,,,,{},yellow,1|hzve47:,06/10/2020 00:00,,,To Do
System Level Check Group 12,SAIV-36,37531,Epic,To Do,SAIV,"Satellite Assembly, Integration and Verification",software,Paavo Heiskanen,5e53b3ee08e2a40c938544de,,Medium,,,,Arttu Tiainen,5f3a7facfdc3f5003f9cb843,Arttu Tiainen,5f3a7facfdc3f5003f9cb843,24/09/2020 12:10,14/11/2020 18:18,27/08/2021 15:51,,17/12/2020 00:00,0,,,,Arttu Tiainen,5f3a7facfdc3f5003f9cb843,,,,,,,,,SAIV-21,,,,,,,,,,,,,,,,,,,,{},yellow,1|hzve8f:,04/12/2020 00:00,,,To Do
System Level Check Group 11,SAIV-35,37530,Epic,To Do,SAIV,"Satellite Assembly, Integration and Verification",software,Paavo Heiskanen,5e53b3ee08e2a40c938544de,,Medium,,,,Arttu Tiainen,5f3a7facfdc3f5003f9cb843,Arttu Tiainen,5f3a7facfdc3f5003f9cb843,24/09/2020 12:10,14/11/2020 18:17,27/08/2021 15:51,,02/12/2020 00:00,0,,,,Arttu Tiainen,5f3a7facfdc3f5003f9cb843,,,,,,,,,SAIV-36,,,,,,,,,,,,,,,,,,,,{},yellow,1|hzve87:,22/11/2020 00:00,,,To Do
System Level Check Group 2,SAIV-34,37529,Epic,To Do,SAIV,"Satellite Assembly, Integration and Verification",software,Paavo Heiskanen,5e53b3ee08e2a40c938544de,,Medium,,,,Arttu Tiainen,5f3a7facfdc3f5003f9cb843,Arttu Tiainen,5f3a7facfdc3f5003f9cb843,24/09/2020 12:10,14/11/2020 17:26,27/08/2021 15:51,,15/10/2020 00:00,0,,,,Arttu Tiainen,5f3a7facfdc3f5003f9cb843,,,,,,,,,SAIV-33,,,,,,,,,,,,,,,,,,,,{},yellow,1|hzve4f:,06/10/2020 00:00,,,To Do
System Level Check Group 3,SAIV-33,37528,Epic,To Do,SAIV,"Satellite Assembly, Integration and Verification",software,Paavo Heiskanen,5e53b3ee08e2a40c938544de,,Medium,,,,Arttu Tiainen,5f3a7facfdc3f5003f9cb843,Arttu Tiainen,5f3a7facfdc3f5003f9cb843,24/09/2020 12:10,14/11/2020 17:27,27/08/2021 15:51,,22/10/2020 00:00,0,,,,Arttu Tiainen,5f3a7facfdc3f5003f9cb843,,,,,,,,,SAIV-30,,,,,,,,,,,,,,,,,,,,{},yellow,1|hzve4n:,19/10/2020 00:00,,,To Do
XANT,SAIV-31,37474,Epic,To Do,SAIV,"Satellite Assembly, Integration and Verification",software,Paavo Heiskanen,5e53b3ee08e2a40c938544de,,Medium,,,,Paavo Heiskanen,5e53b3ee08e2a40c938544de,Paavo Heiskanen,5e53b3ee08e2a40c938544de,23/09/2020 14:09,14/11/2020 17:04,27/08/2021 15:51,,19/09/2020 00:00,0,,[https://iceyedev.atlassian.net/wiki/spaces/SMS/pages/2251391313/ICEYE-SM-PCD-0205+XANT+Integration+Procedure|https://iceyedev.atlassian.net/wiki/spaces/SMS/pages/2251391313/ICEYE-SM-PCD-0205+XANT+Integration+Procedure|smart-link] ,,Paavo Heiskanen,5e53b3ee08e2a40c938544de,,,,,,,,,SAIV-84,,,,,,,,,,,,,,,,,,,,{},purple,1|hzve3b:,12/09/2020 00:00,,,To Do
System Level Check Group 10,SAIV-30,37473,Epic,To Do,SAIV,"Satellite Assembly, Integration and Verification",software,Paavo Heiskanen,5e53b3ee08e2a40c938544de,,Medium,,,,Paavo Heiskanen,5e53b3ee08e2a40c938544de,Paavo Heiskanen,5e53b3ee08e2a40c938544de,23/09/2020 14:02,14/11/2020 17:33,27/08/2021 15:51,,31/10/2020 00:00,0,,,,Paavo Heiskanen,5e53b3ee08e2a40c938544de,,,,,,,,,SAIV-19,,,,,,,,,,,,,,,,,,,,{},yellow,1|hzve6v:,25/10/2020 00:00,,,To Do
SPSR,SAIV-29,37464,Epic,To Do,SAIV,"Satellite Assembly, Integration and Verification",software,Paavo Heiskanen,5e53b3ee08e2a40c938544de,,Medium,,,,Paavo Heiskanen,5e53b3ee08e2a40c938544de,Paavo Heiskanen,5e53b3ee08e2a40c938544de,23/09/2020 13:55,14/11/2020 18:18,27/08/2021 15:51,,06/01/2021 00:00,0,,[https://iceyedev.atlassian.net/wiki/spaces/SMS/pages/2251358520/ICEYE-SM-PCD-0193+SPSR+Integration+Procedure|https://iceyedev.atlassian.net/wiki/spaces/SMS/pages/2251358520/ICEYE-SM-PCD-0193+SPSR+Integration+Procedure|smart-link] ,,Paavo Heiskanen,5e53b3ee08e2a40c938544de,,,,,,,,,,,,,,,,,,,,,,,,,,,,,{},dark_orange,1|hzve8v:,30/12/2020 00:00,,,To Do
OBC Small,SAIV-28,37462,Epic,To Do,SAIV,"Satellite Assembly, Integration and Verification",software,Paavo Heiskanen,5e53b3ee08e2a40c938544de,,Medium,,,,Paavo Heiskanen,5e53b3ee08e2a40c938544de,Paavo Heiskanen,5e53b3ee08e2a40c938544de,23/09/2020 13:43,14/11/2020 17:04,25/08/2021 09:44,,04/10/2020 00:00,0,,[https://iceyedev.atlassian.net/wiki/spaces/SMS/pages/2249392190/ICEYE-SM-PCD-0172+OBC+Small+Integration+Procedure|https://iceyedev.atlassian.net/wiki/spaces/SMS/pages/2249392190/ICEYE-SM-PCD-0172+OBC+Small+Integration+Procedure|smart-link] ,,Paavo Heiskanen,5e53b3ee08e2a40c938544de,,,,,,,,,SAIV-37*SAIV-117,,,,,,,,,,,,,,,,,,,,{},purple,1|hzve73:,29/09/2020 00:00,,,To Do
CDRLite,SAIV-26,37460,Epic,To Do,SAIV,"Satellite Assembly, Integration and Verification",software,Paavo Heiskanen,5e53b3ee08e2a40c938544de,,Medium,,,,Paavo Heiskanen,5e53b3ee08e2a40c938544de,Paavo Heiskanen,5e53b3ee08e2a40c938544de,23/09/2020 13:43,14/11/2020 17:04,27/08/2021 15:51,,17/09/2020 00:00,0,,[https://iceyedev.atlassian.net/wiki/spaces/SMS/pages/2245591063/ICEYE-SM-PCD-0148+CDRLite+Integration+Procedure|https://iceyedev.atlassian.net/wiki/spaces/SMS/pages/2245591063/ICEYE-SM-PCD-0148+CDRLite+Integration+Procedure|smart-link] ,,Paavo Heiskanen,5e53b3ee08e2a40c938544de,,,,,,,,,,,,,,,,,,,,,,,,,,,,,{},purple,1|hzve2v:,10/09/2020 00:00,,,To Do
OBC-Big,SAIV-25,37459,Epic,To Do,SAIV,"Satellite Assembly, Integration and Verification",software,Paavo Heiskanen,5e53b3ee08e2a40c938544de,,Medium,,,,Paavo Heiskanen,5e53b3ee08e2a40c938544de,Paavo Heiskanen,5e53b3ee08e2a40c938544de,23/09/2020 13:42,14/11/2020 17:04,27/08/2021 15:51,,31/08/2020 00:00,0,,[https://iceyedev.atlassian.net/wiki/spaces/SMS/pages/2251259952/ICEYE-SM-PCD-0174+OBC-Big+Integration+Procedure|https://iceyedev.atlassian.net/wiki/spaces/SMS/pages/2251259952/ICEYE-SM-PCD-0174+OBC-Big+Integration+Procedure|smart-link] ,,Paavo Heiskanen,5e53b3ee08e2a40c938544de,,,,,,,,,SAIV-37*SAIV-83,,,,,,,,,,,,,,,,,,,,{},purple,1|hzve1z:,24/08/2020 00:00,,,To Do
System Level Check Group 1,SAIV-24,37458,Epic,To Do,SAIV,"Satellite Assembly, Integration and Verification",software,Paavo Heiskanen,5e53b3ee08e2a40c938544de,,Medium,,,,Paavo Heiskanen,5e53b3ee08e2a40c938544de,Paavo Heiskanen,5e53b3ee08e2a40c938544de,23/09/2020 13:42,14/11/2020 17:26,27/08/2021 15:51,,04/10/2020 00:00,0,,,,Paavo Heiskanen,5e53b3ee08e2a40c938544de,,,,,,,,,SAIV-34,,,,,,,,,,,,,,,,,,,,{},yellow,1|hzve3z:,01/10/2020 00:00,,,To Do
Deployment Switches,SAIV-23,37457,Epic,To Do,SAIV,"Satellite Assembly, Integration and Verification",software,Paavo Heiskanen,5e53b3ee08e2a40c938544de,,Medium,,,,Paavo Heiskanen,5e53b3ee08e2a40c938544de,Paavo Heiskanen,5e53b3ee08e2a40c938544de,23/09/2020 13:42,14/11/2020 17:04,27/08/2021 15:51,,23/10/2020 00:00,0,,[https://iceyedev.atlassian.net/wiki/spaces/SMS/pages/2243756376/ICEYE-SM-PCD-0154+Deployment+Switches+Procedure|https://iceyedev.atlassian.net/wiki/spaces/SMS/pages/2243756376/ICEYE-SM-PCD-0154+Deployment+Switches+Procedure|smart-link] ,,Paavo Heiskanen,5e53b3ee08e2a40c938544de,,,,,,,,,SAIV-117,,,,,,,,,,,,,,,,,,,,{},purple,1|hzve7b:,19/10/2020 00:00,,,To Do
System Level Check Group 7,SAIV-22,37456,Epic,To Do,SAIV,"Satellite Assembly, Integration and Verification",software,Paavo Heiskanen,5e53b3ee08e2a40c938544de,,Medium,,,,Paavo Heiskanen,5e53b3ee08e2a40c938544de,Paavo Heiskanen,5e53b3ee08e2a40c938544de,23/09/2020 13:42,14/11/2020 17:30,27/08/2021 15:51,,08/10/2020 00:00,0,,,,Paavo Heiskanen,5e53b3ee08e2a40c938544de,,,,,,,,,SAIV-19,,,,,,,,,,,,,,,,,,,,{},yellow,1|hzve5z:,30/09/2020 00:00,,,To Do
System Level Check Group 13,SAIV-21,37455,Epic,To Do,SAIV,"Satellite Assembly, Integration and Verification",software,Paavo Heiskanen,5e53b3ee08e2a40c938544de,,Medium,,,,Paavo Heiskanen,5e53b3ee08e2a40c938544de,Paavo Heiskanen,5e53b3ee08e2a40c938544de,23/09/2020 13:42,14/11/2020 18:18,27/08/2021 15:51,,28/12/2020 00:00,0,,,,Paavo Heiskanen,5e53b3ee08e2a40c938544de,,,,,,,,,SAIV-29,,,,,,,,,,,,,,,,,,,,{},yellow,1|hzve8n:,20/12/2020 00:00,,,To Do
Close-up - MLI and Stow,SAIV-20,37454,Epic,To Do,SAIV,"Satellite Assembly, Integration and Verification",software,Paavo Heiskanen,5e53b3ee08e2a40c938544de,,Medium,,,,Paavo Heiskanen,5e53b3ee08e2a40c938544de,Paavo Heiskanen,5e53b3ee08e2a40c938544de,23/09/2020 13:42,14/11/2020 18:17,27/08/2021 15:51,,19/11/2020 00:00,0,,[https://iceyedev.atlassian.net/wiki/spaces/SMS/pages/2243592843/ICEYE-SM-PCD-0151+Close-up+-+MLI+and+Stow+Procedure|https://iceyedev.atlassian.net/wiki/spaces/SMS/pages/2243592843/ICEYE-SM-PCD-0151+Close-up+-+MLI+and+Stow+Procedure|smart-link] ,,Paavo Heiskanen,5e53b3ee08e2a40c938544de,,,,,,,,,SAIV-35,,,,,,,,,,,,,,,,,,,,{},purple,1|hzve7z:,13/11/2020 00:00,,,To Do
System Level Check Group 9,SAIV-19,37453,Epic,To Do,SAIV,"Satellite Assembly, Integration and Verification",software,Paavo Heiskanen,5e53b3ee08e2a40c938544de,,Medium,,,,Paavo Heiskanen,5e53b3ee08e2a40c938544de,Paavo Heiskanen,5e53b3ee08e2a40c938544de,23/09/2020 13:42,14/11/2020 18:16,27/08/2021 15:51,,11/11/2020 00:00,0,,,,Paavo Heiskanen,5e53b3ee08e2a40c938544de,,,,,,,,,SAIV-20,,,,,,,,,,,,,,,,,,,,{},yellow,1|hzve7r:,07/11/2020 00:00,,,To Do
System Level Check Group 5,SAIV-18,37452,Epic,To Do,SAIV,"Satellite Assembly, Integration and Verification",software,Paavo Heiskanen,5e53b3ee08e2a40c938544de,,Medium,,,,Paavo Heiskanen,5e53b3ee08e2a40c938544de,Paavo Heiskanen,5e53b3ee08e2a40c938544de,23/09/2020 13:42,14/11/2020 17:29,27/08/2021 15:51,,06/10/2020 00:00,0,,,,Paavo Heiskanen,5e53b3ee08e2a40c938544de,,,,,,,,,SAIV-19,,,,,,,,,,,,,,,,,,,,{},yellow,1|hzve5b:,29/09/2020 00:00,,,To Do
Propulsion,SAIV-17,37451,Epic,To Do,SAIV,"Satellite Assembly, Integration and Verification",software,Paavo Heiskanen,5e53b3ee08e2a40c938544de,,Medium,,,,Paavo Heiskanen,5e53b3ee08e2a40c938544de,Paavo Heiskanen,5e53b3ee08e2a40c938544de,23/09/2020 13:41,14/11/2020 17:04,27/08/2021 15:51,,24/09/2020 00:00,0,,[https://iceyedev.atlassian.net/wiki/spaces/SMS/pages/2250965275/ICEYE-SM-PCD-0181+Propulsion+Integration+Procedure|https://iceyedev.atlassian.net/wiki/spaces/SMS/pages/2250965275/ICEYE-SM-PCD-0181+Propulsion+Integration+Procedure|smart-link] ,,Paavo Heiskanen,5e53b3ee08e2a40c938544de,,,,,,,,,SAIV-114,,,,,,,,,,,,,,,,,,,,{},purple,1|hzve4v:,16/09/2020 00:00,,,To Do
RPU & IHXBR installation,SAIV-16,37450,Epic,To Do,SAIV,"Satellite Assembly, Integration and Verification",software,Paavo Heiskanen,5e53b3ee08e2a40c938544de,,Medium,,,,Paavo Heiskanen,5e53b3ee08e2a40c938544de,Paavo Heiskanen,5e53b3ee08e2a40c938544de,23/09/2020 13:41,14/11/2020 17:04,27/08/2021 15:51,,18/09/2020 00:00,0,,[https://iceyedev.atlassian.net/wiki/spaces/SMS/pages/2249359712|https://iceyedev.atlassian.net/wiki/spaces/SMS/pages/2249359712|smart-link] ,,Paavo Heiskanen,5e53b3ee08e2a40c938544de,,,,,,,,,SAIV-84,,,,,,,,,,,,,,,,,,,,{},purple,1|hzve2n:,13/09/2020 00:00,,,To Do
SOLP,SAIV-15,37449,Epic,To Do,SAIV,"Satellite Assembly, Integration and Verification",software,Paavo Heiskanen,5e53b3ee08e2a40c938544de,,Medium,,,,Paavo Heiskanen,5e53b3ee08e2a40c938544de,Paavo Heiskanen,5e53b3ee08e2a40c938544de,23/09/2020 13:41,14/11/2020 17:04,27/08/2021 15:51,,23/09/2020 00:00,0,,[https://iceyedev.atlassian.net/wiki/spaces/SMS/pages/2248278044/ICEYE-SM-PCD-0189+SOLP+Integration+Procedure|https://iceyedev.atlassian.net/wiki/spaces/SMS/pages/2248278044/ICEYE-SM-PCD-0189+SOLP+Integration+Procedure|smart-link] ,,Paavo Heiskanen,5e53b3ee08e2a40c938544de,,,,,,,,,SAIV-115,,,,,,,,,,,,,,,,,,,,{},purple,1|hzve5j:,17/09/2020 00:00,,,To Do
System Level Check Group 8,SAIV-14,37448,Epic,To Do,SAIV,"Satellite Assembly, Integration and Verification",software,Paavo Heiskanen,5e53b3ee08e2a40c938544de,,Medium,,,,Paavo Heiskanen,5e53b3ee08e2a40c938544de,Paavo Heiskanen,5e53b3ee08e2a40c938544de,23/09/2020 13:41,24/09/2020 13:27,27/08/2021 15:51,,14/10/2020 00:00,0,,,,Paavo Heiskanen,5e53b3ee08e2a40c938544de,,,,,,,,,SAIV-19,,,,,,,,,,,,,,,,,,,,{},yellow,1|hzve67:,05/10/2020 00:00,,,To Do
Payload,SAIV-13,37447,Epic,To Do,SAIV,"Satellite Assembly, Integration and Verification",software,Paavo Heiskanen,5e53b3ee08e2a40c938544de,,Medium,,,,Paavo Heiskanen,5e53b3ee08e2a40c938544de,Paavo Heiskanen,5e53b3ee08e2a40c938544de,23/09/2020 13:41,14/11/2020 17:04,27/08/2021 15:51,,21/09/2020 00:00,0,,[https://iceyedev.atlassian.net/wiki/spaces/SMS/pages/2251555116/ICEYE-SM-PCD-0176+Payload+Integration+Procedure|https://iceyedev.atlassian.net/wiki/spaces/SMS/pages/2251555116/ICEYE-SM-PCD-0176+Payload+Integration+Procedure|smart-link] ,,Paavo Heiskanen,5e53b3ee08e2a40c938544de,,,,,,,,,SAIV-84,,,,,,,,,,,,,,,,,,,,{},purple,1|hzve3j:,14/09/2020 00:00,,,To Do
System Level Check Group 4,SAIV-12,37446,Epic,To Do,SAIV,"Satellite Assembly, Integration and Verification",software,Paavo Heiskanen,5e53b3ee08e2a40c938544de,,Medium,,,,Paavo Heiskanen,5e53b3ee08e2a40c938544de,Paavo Heiskanen,5e53b3ee08e2a40c938544de,23/09/2020 13:41,18/11/2020 20:23,27/08/2021 15:51,,26/09/2020 00:00,0,,,,Paavo Heiskanen,5e53b3ee08e2a40c938544de,,,,,,,,,SAIV-24,,,,,,,,,,,,,,,,,,,,{},yellow,1|hzve2f:,19/09/2020 00:00,,,To Do
Filters,SAIV-11,37445,Epic,To Do,SAIV,"Satellite Assembly, Integration and Verification",software,Paavo Heiskanen,5e53b3ee08e2a40c938544de,,Medium,,,,Paavo Heiskanen,5e53b3ee08e2a40c938544de,Paavo Heiskanen,5e53b3ee08e2a40c938544de,23/09/2020 13:41,14/11/2020 17:04,27/08/2021 15:51,,18/09/2020 00:00,0,,[https://iceyedev.atlassian.net/wiki/spaces/SMS/pages/2246115370/ICEYE-SM-PCD-0156+Filters+Integration+Procedure|https://iceyedev.atlassian.net/wiki/spaces/SMS/pages/2246115370/ICEYE-SM-PCD-0156+Filters+Integration+Procedure|smart-link] ,,Paavo Heiskanen,5e53b3ee08e2a40c938544de,,,,,,,,,SAIV-84,,,,,,,,,,,,,,,,,,,,{},purple,1|hzve33:,11/09/2020 00:00,,,To Do
S-Band ANT,SAIV-8,37442,Epic,To Do,SAIV,"Satellite Assembly, Integration and Verification",software,Paavo Heiskanen,5e53b3ee08e2a40c938544de,,Medium,,,,Paavo Heiskanen,5e53b3ee08e2a40c938544de,Paavo Heiskanen,5e53b3ee08e2a40c938544de,23/09/2020 13:41,14/11/2020 17:04,27/08/2021 15:51,,16/09/2020 00:00,0,,[https://iceyedev.atlassian.net/wiki/spaces/SMS/pages/2251489590/ICEYE-SM-PCD-0187+S-Band+ANT+Integration+Procedure|https://iceyedev.atlassian.net/wiki/spaces/SMS/pages/2251489590/ICEYE-SM-PCD-0187+S-Band+ANT+Integration+Procedure|smart-link] ,,Paavo Heiskanen,5e53b3ee08e2a40c938544de,,,,,,,,,SAIV-37,,,,,,,,,,,,,,,,,,,,{},purple,1|hzve1r:,04/09/2020 00:00,,,To Do
CONT,SAIV-5,37438,Epic,To Do,SAIV,"Satellite Assembly, Integration and Verification",software,Paavo Heiskanen,5e53b3ee08e2a40c938544de,,Medium,,,,Paavo Heiskanen,5e53b3ee08e2a40c938544de,Paavo Heiskanen,5e53b3ee08e2a40c938544de,23/09/2020 12:59,14/11/2020 17:04,27/08/2021 15:51,,24/08/2020 00:00,0,Template,[https://iceyedev.atlassian.net/wiki/spaces/SMS/pages/2245591078/ICEYE-SM-PCD-0152+CONT+Integration+Procedure|https://iceyedev.atlassian.net/wiki/spaces/SMS/pages/2245591078/ICEYE-SM-PCD-0152+CONT+Integration+Procedure|smart-link] ,,Paavo Heiskanen,5e53b3ee08e2a40c938544de,,,,,,,,,SAIV-83,,,,,,,,,,,,,,,,,,,,{},purple,1|hzve1b:,19/08/2020 00:00,,,To Do
PCMA,SAIV-4,37437,Epic,To Do,SAIV,"Satellite Assembly, Integration and Verification",software,Paavo Heiskanen,5e53b3ee08e2a40c938544de,,Medium,,,,Paavo Heiskanen,5e53b3ee08e2a40c938544de,Paavo Heiskanen,5e53b3ee08e2a40c938544de,23/09/2020 12:59,14/11/2020 17:04,27/08/2021 15:51,,05/09/2020 00:00,0,Template,[https://iceyedev.atlassian.net/wiki/spaces/SMS/pages/2251489556/ICEYE-SM-PCD-0180+PCMA+Integration+Procedure|https://iceyedev.atlassian.net/wiki/spaces/SMS/pages/2251489556/ICEYE-SM-PCD-0180+PCMA+Integration+Procedure|smart-link] ,,Paavo Heiskanen,5e53b3ee08e2a40c938544de,,,,,,,,,SAIV-83,,,,,,,,,,,,,,,,,,,,{},purple,1|hzve13:,28/08/2020 00:00,,,To Do
BATT,SAIV-3,37436,Epic,To Do,SAIV,"Satellite Assembly, Integration and Verification",software,Paavo Heiskanen,5e53b3ee08e2a40c938544de,,Medium,,,,Paavo Heiskanen,5e53b3ee08e2a40c938544de,Paavo Heiskanen,5e53b3ee08e2a40c938544de,23/09/2020 12:59,14/11/2020 17:04,27/08/2021 15:51,,03/09/2020 00:00,0,Template,[https://iceyedev.atlassian.net/wiki/spaces/SMS/pages/2243788872/ICEYE-SM-PCD-0137+BATT+Integration+Procedure|https://iceyedev.atlassian.net/wiki/spaces/SMS/pages/2243788872/ICEYE-SM-PCD-0137+BATT+Integration+Procedure|smart-link] ,,Paavo Heiskanen,5e53b3ee08e2a40c938544de,,,,,,,,,SAIV-2*SAIV-83,,,,,,,,,,,,,,,,,,,,{},purple,1|hzve1j:,29/08/2020 00:00,,,To Do
WDOG,SAIV-2,37435,Epic,To Do,SAIV,"Satellite Assembly, Integration and Verification",software,Paavo Heiskanen,5e53b3ee08e2a40c938544de,,Medium,,,,Paavo Heiskanen,5e53b3ee08e2a40c938544de,Paavo Heiskanen,5e53b3ee08e2a40c938544de,23/09/2020 12:59,14/11/2020 17:11,27/08/2021 15:51,,09/09/2020 00:00,0,Template,[https://iceyedev.atlassian.net/wiki/spaces/SMS/pages/2251325775/ICEYE-SM-PCD-0203+WDOG+Integration+Procedure|https://iceyedev.atlassian.net/wiki/spaces/SMS/pages/2251325775/ICEYE-SM-PCD-0203+WDOG+Integration+Procedure|smart-link] ,,Paavo Heiskanen,5e53b3ee08e2a40c938544de,,,,,,,,,SAIV-83,,,,,,,,,,,,,,,,,,,,{},purple,1|hzve0v:,05/09/2020 00:00,,,To Do
BUS,SAIV-1,37434,Epic,To Do,SAIV,"Satellite Assembly, Integration and Verification",software,Paavo Heiskanen,5e53b3ee08e2a40c938544de,,Medium,,,,Paavo Heiskanen,5e53b3ee08e2a40c938544de,Paavo Heiskanen,5e53b3ee08e2a40c938544de,23/09/2020 12:53,11/11/2020 19:48,27/08/2021 15:49,,17/08/2020 00:00,0,Template,[https://iceyedev.atlassian.net/wiki/spaces/SMS/pages/2243264679/ICEYE-SM-PCD-0142+BUS+Integration+Procedure|https://iceyedev.atlassian.net/wiki/spaces/SMS/pages/2243264679/ICEYE-SM-PCD-0142+BUS+Integration+Procedure|smart-link] ,,Paavo Heiskanen,5e53b3ee08e2a40c938544de,,,,,,,,,SAIV-3*SAIV-4*SAIV-5*SAIV-8*SAIV-25*SAIV-26*SAIV-11*SAIV-31*SAIV-13*SAIV-16*SAIV-17*SAIV-15*SAIV-28*SAIV-23,,,,,,,,,,,,,,,,,,,,{},purple,1|hzve0n:,08/08/2020 00:00,,,To Do
