﻿Level,Issue type,Summary,Responsible,Linked documents,Required report / doc / form,Comments,Linked issues,Timeee,Custom field (Start date),Due date
2,Task,Preliminary Design Review,TDB,,,,,2,27/12/2021,29/12/2021
2,Task,Trigger components ordering,TDB,,,,,2,30/12/2021,01/01/2022
2,Task,Components delivery overview,TDB,,,"For better visibility of Supply chain tasks. Will be nice to have another Jira project for supply chain to track orders, maybe can be combined with item above",,2,02/01/2022,04/01/2022
2,Task,Critical Design Review,TDB,,,,,2,05/01/2022,07/01/2022
2,Task,Build Kick Off,TDB,,,,,2,08/01/2022,10/01/2022
2,Task,Subsystem integration and testing status,TDB,link all subsystem tasks from AIVL,,For better visibility of AIT tasks,,2,11/01/2022,13/01/2022
2,Task,Integration Readiness Review,TDB,,,,,2,14/01/2022,16/01/2022
2,Task,Satellite assembly and integration,MM,,,,AIVL,2,17/01/2022,19/01/2022
2,Task,System Level Checks,MM,,,System Level Checks,,2,20/01/2022,22/01/2022
3,Task,System Level Check Group 1 First checks,AIT,,,,System Level Checks,,,
3,Task,System Level Check Group 2 Radio test and TLM connection,AIT,,,,System Level Checks,,,
3,Task,System Level Check Group 3 Imaging,AIT,,,,System Level Checks,,,
3,Task,System Level Check Group 4 Anechoic test,AIT,,,,System Level Checks,,,
3,Task,System Level Check Group 5 Battery tests and Watchdog,AIT,,,,System Level Checks,,,
3,Task,System Level Check Group 6 Subsystem checks,AIT,,,,System Level Checks,,,
3,Task,System Level Check Group 7 Solar panel testing,AIT,,,,System Level Checks,,,
3,Task,System Level Check Group 8 ADCS tests,AIT,,,,System Level Checks,,,
3,Task,System Level Check Group 9 Environmental testing,AIT,,,,System Level Checks,,,
3,Task,System Level Check Group 10 SAR deployment and Straightness,AIT,,,,System Level Checks,,,
3,Task,System Level Check Group 11 Grounding checks,AIT,,,,System Level Checks,,,
3,Task,System Level Check Group 12 Full satellite simulations,AIT,,,,System Level Checks,,,
3,Task,System Level Check Group 13 Final checks,AIT,,,,System Level Checks,,,
3,Task,System Level Check Group 14 Mechanical parameters,AIT,,,,System Level Checks,,,
2,Task,Vibration Testing,,,,Vibration Testing,,2,23/01/2022,25/01/2022
3,Task,Pre-Vib Aliveness,,,,,Vibration Testing,,,
3,Task,Vib Test Readiness Review,,,,,Vibration Testing,,,
3,Task,Vib Test Review Board,,,,,Vibration Testing,,,
3,Task,Post-Vib Aliveness,,,,,Vibration Testing,,,
2,Task,Anechoic Testing,,,,Anechoic Testing,,2,26/01/2022,28/01/2022
3,Task,Pre-anechoic Aliveness,,,,,Anechoic Testing,,,
3,Task,Anechoic Test Readiness Review,,,,,Anechoic Testing,,,
3,Task,Anechoic Test Review Board,,,,,Anechoic Testing,,,
3,Task,Post-Anechoic Aliveness,,,,,Anechoic Testing,,,
2,Task,Mockups,,,,Mockups,,2,29/01/2022,31/01/2022
3,Task,Mockups TRR,,,,,Mockups,,,
3,Task,Mockups Testing,,,,,Mockups,,,
3,Task,Mockups TRB,,,,,Mockups,,,
2,Task,Preshipment Aliveness,,,,,,2,01/02/2022,03/02/2022
2,Task,Preshipment Review,,,,,,2,04/02/2022,06/02/2022
2,Task,Launchsite Aliveness,,,,,,2,07/02/2022,09/02/2022
2,Task,Pre launch Checks,,,,,,2,10/02/2022,12/02/2022
2,Task,Launch,,,,,,2,13/02/2022,15/02/2022
