Name,Type,Summary,componentID,amount,Level,Blocks,mechparts
BUS,Assembly - ,Assembly - BUS,10908,1,1,,SIDE FRAME +X*SIDE FRAME -X*FRAME +Y*FRAME -Y*FRAME +Z*FRAME -Z*MIDDLE SHELF
Rocker,Assembly - ,Assembly - Rocker,10924,8,2,BUS,RANT ROCKER BUS FITTING*RANT ROCKER LEVER*RANT ROCKER CLEVIS*CLEVIS PIN*BAR PIN CABLESIDE*BAR PIN
Radar Assembly,Assembly - ,Assembly - Radar Assembly,10927,1,1,,DAMPER 1*DAMPER 2*DAMPER 3*DAMPER 4*DAMPER FIXTURE A 1*DAMPER FIXTURE A 2*DAMPER FIXTURE B 1*DAMPER FIXTURE B 2*DAMPER ARM A 1*DAMPER ARM A 2*DAMPER ARM B 1*DAMPER ARM B 2*DEPLOYMENT SWITCH 1*DEPLOYMENT SWITCH 2*DEPLOYMENT SWITCH 3*DEPLOYMENT SWITCH 4*HDRM 1*HDRM 2*HDRM 3*HDRM 4*RANT 1*RANT 2*RANT 3 (CENTER)*RANT 4*RANT 5*RANT CONES*RANT BUMPERS*RANT C-BRACKETS
Module,Assembly - ,Assembly - Module,10943,20,2,Radar Assembly,CDR BOARD*ANTENNA BOARD*PA BOARD*PA SHIELD*RANT CDR SHIELD*RANT PA-CDR INTERFACE PANEL
Deployment Brace,Assembly - ,Assembly - Deployment Brace,10925,1,2,Radar Assembly,RANT DEPLOYMENT BRACE CLEVIS*RANT DEPLOYMENT BRACE CLEVIS MIRROR*RANT DEPLOYMENT BRACE UPPER ARM*STANLEY TAPE*RANT DEPLOYMENT BRACE TAPE CAP x3*TAPE RANT OVERHANG*RANT DEPLOYMENT BRACE FOREARM*6mm BUSHING*CLEVIS PIN*CLEVIS PIN*WASHER x2*WASHER x2*WASHER x2*RANT DEPLOYMENT BRACE SYNC ROLLER
OBC 1,Assembly - ,Assembly - OBC 1,11009,1,1,,ROBC PCBA*CSP ADAPTER*OBC BOX TOP LID*OBC BOX BOTTOM LID*OBC BOX S-BAND HEATSINK *OBC BOX SIDE FRAME*OBC BOX SIDE FRAME*OBC BOX FRONT FRAME
OBC 2,Assembly - ,Assembly - OBC 2,11010,1,1,,ROBC PCBA*CSP ADAPTER*OBC BOX TOP LID*OBC BOX BOTTOM LID*OBC BOX S-BAND HEATSINK *OBC BOX SIDE FRAME*OBC BOX SIDE FRAME*OBC BOX FRONT FRAME
CDRLite ,Assembly - ,Assembly - CDRLite ,10909,1,1,,CDR LITE BOARD*DIVIDER BOARD*COMBINER BOARD*CDRLITE BOX BODY*CDR LITE COMBINER COVER*CDR LITE DIVIDER COVER
In-house-X-Band,Assembly - ,Assembly - In-house-X-Band,10937,1,1,,XRTX  (IN-HOUSE X-BAND RADIO) BOX MID*XRTX  (IN-HOUSE X-BAND RADIO) BOX TOP*XRTX (IN-HOUSE X-BAND RADIO) BOX BOTTOM*XRTX (IN-HOUSE X-BAND RADIO) BOARD *XRTX (IN-HOUSE X-BAND RADIO) BOARD *THERMAL STRAPx3*OCILLATOR*FILTER
RPU,Assembly - ,Assembly - RPU,10910,1,1,,PROCESSING BOARD*RTRX (TRANSCEIVER) BOARD*TRANSCEIVER BOX TOP*TRANSCEIVER BOX MIDDLE*TRANSCEIVER BOX BOTTOM*TX FILTER*RX FILTER*OSCILLATOR
ICU,Assembly - ,Assembly - ICU,10919,1,1,,Mech parts
Ethernet Switch,Assembly - ,Assembly - Ethernet Switch,10934,1,2,ICU,Mech parts
Micro Transmitter,Assembly - ,Assembly - Micro Transmitter,10933,1,2,ICU,Mech parts
Micro Tranceiver,Assembly - ,Assembly - Micro Tranceiver,10932,1,2,ICU,Mech parts
X-Band Antenna 1,Assembly - ,Assembly - X-Band Antenna 1,10920,1,2,ICU,X-BAND ANTENNA BRACKET
Watchdog,Assembly - ,Assembly - Watchdog,10915,1,1,,WATCHDOG BOARD*WATCHDOG BOX BOTTOM*WATCHDOG BOX TOP
Syrlink X-Band,Assembly - ,Assembly - Syrlink X-Band,11005,1,1,,SYRLINK X-BAND BOARD*SYRLINK BOX TOP LID*SYRLINK BOX BACK LID*SYRLINK BOX X-BAND HEATSINK *SYRLINK BOX SIDE FRAME*SYRLINK BOX SIDE FRAME*SYRLINK BOX FRONT FRAME
X-Band Antenna 2,Assembly - ,Assembly - X-Band Antenna 2,10920,1,2,Syrlink X-Band,X-BAND ANTENNA BRACKET
Battery,Assembly - ,Assembly - Battery,10917,1,1,,BATTERY SHIELD 1 (SMALL)*BATTERY SHIELD 1 (SMALL) MIRRORED*BATTERY SHIELD 2 (BIG)
PCM,Assembly - ,Assembly - PCM,10922,1,1,,PCM BOARD*PCM BOX BOTTOM*PCM BOX TOP
ADCS,Assembly - ,Assembly - ADCS,10926,1,1,,NANO STAR TRACKER BRACKET 1*NANO STAR TRACKER BRACKET 2*REACTION WHEEL BRACKET*SUN SENSOR BRACKET 1*SUN SENSOR BRACKET 2*REACTION WHEEL 1*REACTION WHEEL 2*REACTION WHEEL 3*REACTION WHEEL 4*MAGNETORQUER 1*MAGNETORQUER 2*MAGNETORQUER 3*GPS UNIT*GPS BRACKET
Laser,Assembly - ,Assembly - Laser,10923,1,2,ADCS,RETROREFLECTOR BRACKET
Solar Panels,Assembly - ,Assembly - Solar Panels,10928,1,1,,SOLAR PANEL 1*SOLAR PANEL 2*SOLAR PANEL 3*SOLAR PANEL 4*SOLAR PANEL 5*SOLP HDRM*SOLP INSERTS*HDRM FITTER*SOLP STACK
Propulsion,Assembly - ,Assembly - Propulsion,10936,4,1,,PROPULSION HOUSING BASE*PROPULSION HOUSING CABLE WALL*PROPULSION HOUSING SIDE WALL*PROPULSION HOUSING FRONT WALL*PROPULSION UNIT 1*PROPULSION UNIT 2*PROPULSION UNIT 3*PROPULSION UNIT 4
Gimbal comp,Assembly - ,Assembly - Gimbal comp,,1,1,,Mech parts
GMC,Assembly - ,Assembly - GMC,10929,1,1,,Mech parts
Gimbal Boom,Assembly - ,Assembly - Gimbal Boom,10930,1,1,,Mech parts
RF Switch,Assembly - ,Assembly - RF Switch,10931,1,1,,Mech parts
X-Band Antenna 2,Assembly - ,Assembly - X-Band Antenna 2,10920,1,1,,X-BAND ANTENNA BRACKET
In-House Battery,Assembly - ,Assembly - In-House Battery,10918,1,1,,Mech parts
S-Band Antenna,Assembly - ,Assembly - S-Band Antenna,10916,2,1,,S-BAND BRACKET*S-BAND BRACKET INSULATOR 1*S-BAND BRACKET INSULATOR 2
IHADCS,Assembly - ,Assembly - IHADCS,11011,0,1,,IH GPS ANTENNA*IH MAGNETORQUER*IH REACTION WHEEL*IH STAR TRACKER*IH SUN SENSOR
PCMLite,Assembly - ,Assembly - PCMLite,10913,0,1,,PCM (POWER CONDITIONING MODULE) LITE BOARD*PCM LITE BOX BOTTOM*PCM LITE BOX TOP
CSP Box,Assembly - ,Assembly - CSP Box,10914,0,1,,CSP BOX SIDE -Z*CSP BOX SIDE +Z*CSP BOX SIDE +X*CSP BOX LID -Y*S-Band Heat Sink Box
Rack (Triangle),Assembly - ,Assembly - Rack (Triangle),10921,0,1,,RACK FLAT FACE*RACK THREADED FACE*RACK SEMI-FLAT FACE
