Name;Type;Summary;;componentID;amount;mechparts
BUS;Assembly - ;Assembly - BUS;;10908;1;BACKPLATE*SIDE FRAME -X*SIDE FRAME +X*BOTTOM FRAME +Z*LOWER SHELF*UPPER SHELF*X FRAME*X FRAME*TOP FRAME*TOP FRAME*TOP FRAME*SIDE FRAME SHIELD -X*SIDE FRAME SHIELD +X*TOP FRAME LID
CDRLite ;Assembly - ;Assembly - CDRLite ;;10909;1;CDRLITE BOX BODY*CDR LITE COMBINER COVER*CDR LITE DIVIDER COVER
RPU;Assembly - ;Assembly - RPU;;10910;0;TRANSCEIVER BOX TOP*TRANSCEIVER BOX MIDDLE*TRANSCEIVER BOX BOTTOM*XRTX  (IN-HOUSE X-BAND RADIO) Box Mid*XRTX  (IN-HOUSE X-BAND RADIO) Box Top*XRTX (IN-HOUSE X-BAND RADIO) BOX BOTTOM*XRTX (IN-HOUSE X-BAND RADIO) BOARD *XRTX (IN-HOUSE X-BAND RADIO) BOARD *THERMAL STRAP*THERMAL STRAP*THERMAL STRAP*XRTX LEG 1*XRTX LEG 2
OBC Big;Assembly - ;Assembly - OBC Big;;10911;0;OBC BIG BOX (HYBRID) LID*OBC BOX BIG FRAME X-BAND*OBC BOX BIG FRAME S-BAND*OBC BIG BOX S-BAND HEATSINK *OBC BIG BOX BACK WALL*OBC BIG BOX FRONT WALL*OBC BIG BOX X-BAND HEATSINK*OBC BIG BOX X-BAND HEATSINK
OBC Small;Assembly - ;Assembly - OBC Small;;10912;1;OBC SMALL BOX LID*OBC SMALL BOX FRAME *OBC SMALL BOX FRAME S-BAND*OBC SMALL BOX S-BAND HEATSINK*OBC SMALL BOX BACK WALL*OBC SMALL BOX FRONT WALL
PCMLite;Assembly - ;Assembly - PCMLite;;10913;0;PCM LITE BOX BOTTOM*PCM LITE BOX TOP*PCM (POWER CONDITIONING MODULE) LITE BOARD
CSP Box;Assembly - ;Assembly - CSP Box;;10914;1;CSP BOX SIDE -Z*CSP BOX SIDE +Z*CSP BOX SIDE +X*CSP BOX LID -Y*S-Band Heat Sink Box
Watchdog;Assembly - ;Assembly - Watchdog;;10915;1;WATCHDOG BOX BOTTOM*WATCHDOG BOX TOP
S-Band Antenna;Assembly - ;Assembly - S-Band Antenna;;10916;1;S-BAND BRACKET*S-BAND BRACKET INSULATOR 1*S-BAND BRACKET INSULATOR 2
Battery;Assembly - ;Assembly - Battery;;10917;0;BATTERY SHIELD 1 (SMALL)*BATTERY SHIELD 1 (SMALL) MIRRORED*BATTERY SHIELD 2 (BIG
In-House Battery;Assembly - ;Assembly - In-House Battery;;10918;1;Mech parts
ICU;Assembly - ;Assembly - ICU;;10919;1;Mech parts
X-Band Antenna;Assembly - ;Assembly - X-Band Antenna;;10920;1;X-BAND ANTENNA BRACKET
Rack (Triangle);Assembly - ;Assembly - Rack (Triangle);;10921;0;RACK FLAT FACE*RACK THREADED FACE*RACK SEMI-FLAT FACE
PCM;Assembly - ;Assembly - PCM;;10922;1;PCM BOX BOTTOM*PCM BOX TOP
Laser;Assembly - ;Assembly - Laser;;10923;1;RETROREFLECTOR BRACKET
Rocker;Assembly - ;Assembly - Rocker;;10924;1;RANT ROCKER BUS FITTING*RANT ROCKER LEVER*RANT ROCKER CLEVIS*CLEVIS PIN*BAR PIN CABLESIDE*BAR PIN
Deployment Brace;Assembly - ;Assembly - Deployment Brace;;10925;1;RANT DEPLOYMENT BRACE CLEVIS*RANT DEPLOYMENT BRACE UPPER ARM*STANLEY TAPE*RANT DEPLOYMENT BRACE TAPE CAP x3*RANT DEPLOYMENT BRACE FOREARM*6mm BUSHING*CLEVIS PIN*CLEVIS PIN*WASHER x2*WASHER x2*WASHER x2*RANT DEPLOYMENT BRACE SYNC ROLLER
ADCS;Assembly - ;Assembly - ADCS;;10926;1;NANO STAR TRACKER BRACKET*REACTION WHEEL BRACKET*SUN SENSOR BRACKET 1*SUN SENSOR BRACKET 2
Radar Antenna Assembly;Assembly - ;Assembly - Radar Antenna Assembly;;10927;1;DAMPER 2*DAMPER 3*DAMPER 4*DAMPER FIXTURE A 1*DAMPER FIXTURE A 2*DAMPER FIXTURE B 1*DAMPER FIXTURE B 2*DAMPER FIXTURE B 2*DAMPER ARM A 1*DAMPER ARM A 1*DAMPER ARM A 1*DAMPER ARM A 2*DAMPER ARM B 1*DAMPER ARM B 2*DEPLOYMENT SWITCH 1*DEPLOYMENT SWITCH 2*DEPLOYMENT SWITCH 3*DEPLOYMENT SWITCH 4*HDRM 1*HDRM 2*HDRM 3*HDRM 4*RANT 1*RANT 2*RANT 3 (CENTER)*RANT C-BRACKETS*RANT 4*RANT 5*CDR SHIELDS*RANT CONES*RANT BUMPERS
Solar Panels;Assembly - ;Assembly - Solar Panels;;10928;1;Mech parts
Propulsion;Assembly - ;Assembly - Propulsion;;10936;4;PROPULSION HOUSING BASE*PROPULSION HOUSING CABLE WALL*PROPULSION HOUSING SIDE WALL*PROPULSION HOUSING FRONT WALL
Module;Assembly - ;Assembly - Module;;10943;20;PA SHIELD*RANT CDR SHIELD*RANT PA-CDR INTERFACE PANEL
Ethernet Switch;Assembly - ;Assembly - Ethernet Switch;;10934;1;Mech parts
ICU;Assembly - ;Assembly - ICU;;10919;0;Mech parts
In-House Battery;Assembly - ;Assembly - In-House Battery;;10918;1;Mech parts
Micro Radio;Assembly - ;Assembly - Micro Radio;;10933;1;Mech parts
Micro Tranceiver;Assembly - ;Assembly - Micro Tranceiver;;10932;1;Mech parts
