Summary,Issue key,Issue id,Issue Type,Status,Project key,Project name,Project type,Project lead,Project lead id,Project description,Priority,Resolution,Assignee,Assignee Id,Reporter,Reporter Id,Creator,Creator Id,Created,Updated,Last Viewed,Resolved,Due date,Votes,Labels,Description,Environment,Watchers,Watchers,Watchers Id,Watchers Id,Log Work,Original Estimate,Remaining Estimate,Time Spent,Work Ratio,Σ Original Estimate,Σ Remaining Estimate,Σ Time Spent,Security Level,Outward issue link (Blocks),Outward issue link (Blocks),Outward issue link (Blocks),Outward issue link (Blocks),Outward issue link (Blocks),Outward issue link (Blocks),Outward issue link (Blocks),Outward issue link (Blocks),Outward issue link (Cloners),Custom field (Development),Custom field (Issue color),Custom field (Rank),Custom field (Start date),Comment,Comment,Comment,Comment,Parent,Parent summary,Status Category
SPSR,PSIT-80,10662,Epic,To Do,PSIT,Paaavo - Satellite Integration Template,software,Paavo Heiskanen,5e53b3ee08e2a40c938544de,,Medium,,,,Paavo Heiskanen,5e53b3ee08e2a40c938544de,Paavo Heiskanen,5e53b3ee08e2a40c938544de,23/Sep/20 11:52 AM,23/Sep/20 11:52 AM,11/Nov/20 4:08 PM,,,0,,,,User ,,unknown,,,,,,,,,,,,,,,,,,,,{},purple,0|i0037b:,19/Sep/20 12:00 AM,,,,,,,To Do
something,PSIT-79,10661,Task,To Do,PSIT,Paaavo - Satellite Integration Template,software,Paavo Heiskanen,5e53b3ee08e2a40c938544de,,Medium,,,,Arttu Tiainen,5f3a7facfdc3f5003f9cb843,Arttu Tiainen,5f3a7facfdc3f5003f9cb843,22/Sep/20 4:50 PM,22/Sep/20 4:50 PM,11/Nov/20 4:08 PM,,,0,,,,Arttu Tiainen,,5f3a7facfdc3f5003f9cb843,,,,,,,,,,,,,,,,,,,,{},purple,0|i00373:,,,,,,10627,SOLP,To Do
Check that the board is coated and all screws between board and box are glued.,PSIT-77,10659,Subtask,To Do,PSIT,Paaavo - Satellite Integration Template,software,Paavo Heiskanen,5e53b3ee08e2a40c938544de,,Medium,,,,Arttu Tiainen,5f3a7facfdc3f5003f9cb843,Arttu Tiainen,5f3a7facfdc3f5003f9cb843,22/Sep/20 4:44 PM,22/Sep/20 4:44 PM,11/Nov/20 3:07 PM,,,0,X-template,,,Arttu Tiainen,,5f3a7facfdc3f5003f9cb843,,,,,,,,,,,,,,,,,,,,{},,0|i0036n:,,,,,,10648,IHXBR,To Do
"If already screwed to the IHXBR box, remove the top plate of the box",PSIT-76,10658,Subtask,Verified,PSIT,Paaavo - Satellite Integration Template,software,Paavo Heiskanen,5e53b3ee08e2a40c938544de,,Medium,,,,Arttu Tiainen,5f3a7facfdc3f5003f9cb843,Arttu Tiainen,5f3a7facfdc3f5003f9cb843,22/Sep/20 4:44 PM,22/Sep/20 4:46 PM,11/Nov/20 5:11 PM,,,0,X-template,,,Arttu Tiainen,,5f3a7facfdc3f5003f9cb843,,,,,,,,,,,,,,,,,,,,{},,0|i0036f:,,,,,,10648,IHXBR,In Progress
Check that S-number exists on all 2 components,PSIT-75,10657,Subtask,In Progress,PSIT,Paaavo - Satellite Integration Template,software,Paavo Heiskanen,5e53b3ee08e2a40c938544de,,Medium,,,,Arttu Tiainen,5f3a7facfdc3f5003f9cb843,Arttu Tiainen,5f3a7facfdc3f5003f9cb843,22/Sep/20 4:44 PM,22/Sep/20 4:46 PM,11/Nov/20 5:11 PM,,,0,X-template,,,Arttu Tiainen,,5f3a7facfdc3f5003f9cb843,,,,,,,,,,,,,,,,,,,,{},,0|i00357:,,,,,,10648,IHXBR,In Progress
Apply thermal conductive tape on the upper side of the RPU picture. Keep identification numbers visible,PSIT-74,10656,Subtask,Done,PSIT,Paaavo - Satellite Integration Template,software,Paavo Heiskanen,5e53b3ee08e2a40c938544de,,Medium,Done,,,Arttu Tiainen,5f3a7facfdc3f5003f9cb843,Arttu Tiainen,5f3a7facfdc3f5003f9cb843,22/Sep/20 4:43 PM,22/Sep/20 4:47 PM,24/Sep/20 12:36 PM,22/Sep/20 4:47 PM,,0,X-template,Picture would be here maybe,,Arttu Tiainen,,5f3a7facfdc3f5003f9cb843,,,,,,,,,,,,,,,,,,,,{},,0|i0034f:i,,,,,,10647,RPU-Box,Done
Remove all 3 components from the top of the RPU unit and set aside.,PSIT-73,10655,Subtask,Done,PSIT,Paaavo - Satellite Integration Template,software,Paavo Heiskanen,5e53b3ee08e2a40c938544de,,Medium,Done,,,Arttu Tiainen,5f3a7facfdc3f5003f9cb843,Arttu Tiainen,5f3a7facfdc3f5003f9cb843,22/Sep/20 4:43 PM,22/Sep/20 4:47 PM,11/Nov/20 5:11 PM,22/Sep/20 4:47 PM,,0,X-template,,,Arttu Tiainen,,5f3a7facfdc3f5003f9cb843,,,,,,,,,,,,,,,,,,,,{},,0|i0034g:,,,,,,10647,RPU-Box,Done
Remove all 3 components from the top of the RPU unit and set aside.,PSIT-72,10654,Subtask,To Do,PSIT,Paaavo - Satellite Integration Template,software,Paavo Heiskanen,5e53b3ee08e2a40c938544de,,Medium,,,,Arttu Tiainen,5f3a7facfdc3f5003f9cb843,Arttu Tiainen,5f3a7facfdc3f5003f9cb843,22/Sep/20 4:43 PM,24/Sep/20 12:40 PM,11/Nov/20 5:11 PM,,,0,X-template,,,Arttu Tiainen,,5f3a7facfdc3f5003f9cb843,,,,,,,,,,,,,,,,,,,,{},,0|i0034h:,,,,,,10647,RPU-Box,To Do
Check RPU Harness,PSIT-71,10653,Subtask,Done,PSIT,Paaavo - Satellite Integration Template,software,Paavo Heiskanen,5e53b3ee08e2a40c938544de,,Medium,Done,,,Arttu Tiainen,5f3a7facfdc3f5003f9cb843,Arttu Tiainen,5f3a7facfdc3f5003f9cb843,22/Sep/20 4:42 PM,22/Sep/20 4:47 PM,24/Sep/20 12:38 PM,22/Sep/20 4:47 PM,,0,X-template,,,Arttu Tiainen,,5f3a7facfdc3f5003f9cb843,,,,,,,,,,,,,,,,,,,,{},,0|i0034j:,,,,,,10647,RPU-Box,Done
Check that A-number exists on the IHXBR box. Check that verified sticker is present,PSIT-70,10652,Subtask,In Progress,PSIT,Paaavo - Satellite Integration Template,software,Paavo Heiskanen,5e53b3ee08e2a40c938544de,,Medium,,,,Arttu Tiainen,5f3a7facfdc3f5003f9cb843,Arttu Tiainen,5f3a7facfdc3f5003f9cb843,22/Sep/20 4:41 PM,22/Sep/20 4:45 PM,22/Sep/20 4:44 PM,,,0,X-template,,,Arttu Tiainen,,5f3a7facfdc3f5003f9cb843,,,,,,,,,,,,,,,,,,,,{},,0|i00353:,,,,,,10648,IHXBR,In Progress
Check RPU S-Number,PSIT-69,10651,Subtask,Done,PSIT,Paaavo - Satellite Integration Template,software,Paavo Heiskanen,5e53b3ee08e2a40c938544de,,Medium,Done,,,Arttu Tiainen,5f3a7facfdc3f5003f9cb843,Arttu Tiainen,5f3a7facfdc3f5003f9cb843,22/Sep/20 4:41 PM,22/Sep/20 4:45 PM,22/Sep/20 4:41 PM,22/Sep/20 4:45 PM,,0,X-template,,,Arttu Tiainen,,5f3a7facfdc3f5003f9cb843,,,,,,,,,,,,,,,,,,,,{},,0|i0034v:,,,,,,10647,RPU-Box,Done
Check A-Number,PSIT-68,10650,Subtask,Done,PSIT,Paaavo - Satellite Integration Template,software,Paavo Heiskanen,5e53b3ee08e2a40c938544de,,Medium,Done,,,Arttu Tiainen,5f3a7facfdc3f5003f9cb843,Arttu Tiainen,5f3a7facfdc3f5003f9cb843,22/Sep/20 4:41 PM,22/Sep/20 4:45 PM,11/Nov/20 5:11 PM,22/Sep/20 4:45 PM,,0,X-template,,,Arttu Tiainen,,5f3a7facfdc3f5003f9cb843,,,,,,,,,,,,,,,,,,,,{},,0|i0034n:,,,,,,10647,RPU-Box,Done
RPU assembly,PSIT-67,10649,Task,To Do,PSIT,Paaavo - Satellite Integration Template,software,Paavo Heiskanen,5e53b3ee08e2a40c938544de,,Medium,,,,Arttu Tiainen,5f3a7facfdc3f5003f9cb843,Arttu Tiainen,5f3a7facfdc3f5003f9cb843,22/Sep/20 4:40 PM,22/Sep/20 4:49 PM,22/Sep/20 4:49 PM,,,0,,,,Arttu Tiainen,,5f3a7facfdc3f5003f9cb843,,,,,,,,,,,,,,,,,,,,{},purple,0|i0034f:,,,,,,10611,RPU,To Do
IHXBR,PSIT-66,10648,Task,To Do,PSIT,Paaavo - Satellite Integration Template,software,Paavo Heiskanen,5e53b3ee08e2a40c938544de,,Medium,,,,Arttu Tiainen,5f3a7facfdc3f5003f9cb843,Arttu Tiainen,5f3a7facfdc3f5003f9cb843,22/Sep/20 4:39 PM,22/Sep/20 4:49 PM,02/Oct/20 1:51 PM,,,0,,,,Arttu Tiainen,,5f3a7facfdc3f5003f9cb843,,,,,,,,,,,,,,,,,,,,{},purple,0|i00347:,,,,,,10611,RPU,To Do
RPU-Box,PSIT-65,10647,Task,Verified,PSIT,Paaavo - Satellite Integration Template,software,Paavo Heiskanen,5e53b3ee08e2a40c938544de,,Medium,,Paavo Heiskanen,5e53b3ee08e2a40c938544de,Arttu Tiainen,5f3a7facfdc3f5003f9cb843,Arttu Tiainen,5f3a7facfdc3f5003f9cb843,22/Sep/20 4:39 PM,24/Sep/20 12:40 PM,02/Oct/20 1:51 PM,,,0,,,,Arttu Tiainen,Automation for Jira,5f3a7facfdc3f5003f9cb843,557058:f58131cb-b67d-43c7-b30d-6b58d40bd077,,,,,,,,,,,,,,,,,,,{},purple,0|i0033z:,,24/Sep/20 12:30 PM;557058:f58131cb-b67d-43c7-b30d-6b58d40bd077;Tapahtuma,24/Sep/20 12:38 PM;557058:f58131cb-b67d-43c7-b30d-6b58d40bd077;Tapahtuma,24/Sep/20 12:40 PM;557058:f58131cb-b67d-43c7-b30d-6b58d40bd077;Tapahtuma,24/Sep/20 12:40 PM;557058:f58131cb-b67d-43c7-b30d-6b58d40bd077;Tapahtuma,10611,RPU,In Progress
PCMA,PSIT-64,10646,Epic,To Do,PSIT,Paaavo - Satellite Integration Template,software,Paavo Heiskanen,5e53b3ee08e2a40c938544de,,Medium,,,,Arttu Tiainen,5f3a7facfdc3f5003f9cb843,Arttu Tiainen,5f3a7facfdc3f5003f9cb843,22/Sep/20 12:38 PM,02/Oct/20 2:44 PM,02/Oct/20 2:34 PM,,11/Apr/21 12:00 AM,0,,,,Arttu Tiainen,,5f3a7facfdc3f5003f9cb843,,,,,,,,,,,PSIT-38,,,,,,,,,{},purple,0|i002sj:,06/Mar/21 12:00 AM,,,,,,,To Do
OBC small,PSIT-63,10645,Epic,To Do,PSIT,Paaavo - Satellite Integration Template,software,Paavo Heiskanen,5e53b3ee08e2a40c938544de,,Medium,,,,Arttu Tiainen,5f3a7facfdc3f5003f9cb843,Arttu Tiainen,5f3a7facfdc3f5003f9cb843,22/Sep/20 12:30 PM,22/Sep/20 12:37 PM,11/Nov/20 5:11 PM,,09/Jan/21 12:00 AM,0,,,,Arttu Tiainen,,5f3a7facfdc3f5003f9cb843,,,,,,,,,,,PSIT-49,,,,,,,,,{},purple,0|i0033r:,10/Dec/20 12:00 AM,,,,,,,To Do
IHXB,PSIT-62,10644,Epic,To Do,PSIT,Paaavo - Satellite Integration Template,software,Paavo Heiskanen,5e53b3ee08e2a40c938544de,,Medium,,,,Arttu Tiainen,5f3a7facfdc3f5003f9cb843,Arttu Tiainen,5f3a7facfdc3f5003f9cb843,22/Sep/20 12:27 PM,22/Sep/20 12:31 PM,11/Nov/20 5:11 PM,,01/Jan/21 12:00 AM,0,,,,Arttu Tiainen,,5f3a7facfdc3f5003f9cb843,,,,,,,,,,,PSIT-60,,,,,,,,,{},purple,0|i0033j:,02/Dec/20 12:00 AM,,,,,,,To Do
CDR lite,PSIT-61,10643,Epic,To Do,PSIT,Paaavo - Satellite Integration Template,software,Paavo Heiskanen,5e53b3ee08e2a40c938544de,,Medium,,,,Arttu Tiainen,5f3a7facfdc3f5003f9cb843,Arttu Tiainen,5f3a7facfdc3f5003f9cb843,22/Sep/20 12:26 PM,22/Sep/20 12:31 PM,11/Nov/20 5:11 PM,,03/Jan/21 12:00 AM,0,,,,Arttu Tiainen,,5f3a7facfdc3f5003f9cb843,,,,,,,,,,,PSIT-60,,,,,,,,,{},purple,0|i0033b:,04/Dec/20 12:00 AM,,,,,,,To Do
System Level Check Group 3,PSIT-60,10642,Epic,To Do,PSIT,Paaavo - Satellite Integration Template,software,Paavo Heiskanen,5e53b3ee08e2a40c938544de,,Medium,,,,Arttu Tiainen,5f3a7facfdc3f5003f9cb843,Arttu Tiainen,5f3a7facfdc3f5003f9cb843,22/Sep/20 12:25 PM,02/Oct/20 1:47 PM,02/Oct/20 1:48 PM,,18/Jul/21 12:00 AM,0,,,,Arttu Tiainen,,5f3a7facfdc3f5003f9cb843,,,,,,,,,,,PSIT-42,,,,,,,,PSIT-58,{},yellow,0|i00333:,03/Jul/21 12:00 AM,,,,,,,To Do
Deployment Switches,PSIT-59,10641,Epic,To Do,PSIT,Paaavo - Satellite Integration Template,software,Paavo Heiskanen,5e53b3ee08e2a40c938544de,,Medium,,,,Arttu Tiainen,5f3a7facfdc3f5003f9cb843,Arttu Tiainen,5f3a7facfdc3f5003f9cb843,22/Sep/20 12:17 PM,22/Sep/20 12:28 PM,11/Nov/20 5:11 PM,,04/Apr/21 12:00 AM,0,,,,Arttu Tiainen,,5f3a7facfdc3f5003f9cb843,,,,,,,,,,,PSIT-51,,,,,,,,,{},purple,0|i0032v:,05/Mar/21 12:00 AM,,,,,,,To Do
System Level Check Group 7,PSIT-58,10640,Epic,To Do,PSIT,Paaavo - Satellite Integration Template,software,Paavo Heiskanen,5e53b3ee08e2a40c938544de,,Medium,,,,Arttu Tiainen,5f3a7facfdc3f5003f9cb843,Arttu Tiainen,5f3a7facfdc3f5003f9cb843,22/Sep/20 12:16 PM,02/Oct/20 2:48 PM,11/Nov/20 5:11 PM,,19/Mar/21 12:00 AM,0,,,,Arttu Tiainen,,5f3a7facfdc3f5003f9cb843,,,,,,,,,,,PSIT-49,,,,,,,,,{},yellow,0|i0032b:,17/Feb/21 12:00 AM,,,,,,,To Do
Propulsion,PSIT-57,10639,Epic,To Do,PSIT,Paaavo - Satellite Integration Template,software,Paavo Heiskanen,5e53b3ee08e2a40c938544de,,Medium,,,,Arttu Tiainen,5f3a7facfdc3f5003f9cb843,Arttu Tiainen,5f3a7facfdc3f5003f9cb843,22/Sep/20 12:15 PM,29/Sep/20 3:30 PM,11/Nov/20 3:08 PM,,15/Apr/21 12:00 AM,0,,,,Arttu Tiainen,,5f3a7facfdc3f5003f9cb843,,,,,,,,,,,PSIT-50,,,,,,,,,{},purple,0|i0030h:,12/Nov/20 12:00 AM,,,,,,,To Do
CSP,PSIT-55,10636,Task,Done,PSIT,Paaavo - Satellite Integration Template,software,Paavo Heiskanen,5e53b3ee08e2a40c938544de,,Medium,Done,,,Arttu Tiainen,5f3a7facfdc3f5003f9cb843,Arttu Tiainen,5f3a7facfdc3f5003f9cb843,16/Sep/20 1:36 PM,16/Sep/20 2:20 PM,22/Sep/20 4:52 PM,16/Sep/20 2:20 PM,,0,,,,Arttu Tiainen,,5f3a7facfdc3f5003f9cb843,,,,,,,,,,,,,,,,,,,,{},,0|i0031z:,,,,,,10592,OBC-Big,Done
Syrlinks S-band #1,PSIT-54,10635,Task,To Do,PSIT,Paaavo - Satellite Integration Template,software,Paavo Heiskanen,5e53b3ee08e2a40c938544de,,Medium,,,,Arttu Tiainen,5f3a7facfdc3f5003f9cb843,Arttu Tiainen,5f3a7facfdc3f5003f9cb843,16/Sep/20 1:36 PM,16/Sep/20 1:36 PM,11/Nov/20 5:11 PM,,,0,,,,Arttu Tiainen,,5f3a7facfdc3f5003f9cb843,,,,,,,,,,,,,,,,,,,,{},,0|i0031r:,,,,,,10592,OBC-Big,To Do
BBB/ROBC,PSIT-53,10634,Task,Verified,PSIT,Paaavo - Satellite Integration Template,software,Paavo Heiskanen,5e53b3ee08e2a40c938544de,,Medium,,,,Arttu Tiainen,5f3a7facfdc3f5003f9cb843,Arttu Tiainen,5f3a7facfdc3f5003f9cb843,16/Sep/20 1:35 PM,16/Sep/20 2:20 PM,23/Sep/20 9:56 AM,,,0,,,,Arttu Tiainen,,5f3a7facfdc3f5003f9cb843,,,,,,,,,,,,,,,,,,,,{},,0|i0031j:,,,,,,10592,OBC-Big,In Progress
System Level Check Group 13,PSIT-52,10633,Epic,To Do,PSIT,Paaavo - Satellite Integration Template,software,Paavo Heiskanen,5e53b3ee08e2a40c938544de,,Medium,,Paavo Heiskanen,5e53b3ee08e2a40c938544de,Paavo Heiskanen,5e53b3ee08e2a40c938544de,Paavo Heiskanen,5e53b3ee08e2a40c938544de,16/Sep/20 12:33 PM,22/Sep/20 4:31 PM,11/Nov/20 5:11 PM,,23/Jun/21 12:00 AM,0,,,,User ,,unknown,,,,,,,,,,,,,,,,,,,,{},yellow,0|i0031b:,24/May/21 12:00 AM,,,,,,,To Do
"Close up, MIL, and stow",PSIT-51,10632,Epic,To Do,PSIT,Paaavo - Satellite Integration Template,software,Paavo Heiskanen,5e53b3ee08e2a40c938544de,,Medium,,Paavo Heiskanen,5e53b3ee08e2a40c938544de,Paavo Heiskanen,5e53b3ee08e2a40c938544de,Paavo Heiskanen,5e53b3ee08e2a40c938544de,16/Sep/20 12:32 PM,05/Oct/20 7:18 AM,11/Nov/20 5:11 PM,,05/Oct/21 12:00 AM,0,,,,User ,,unknown,,,,,,,,,,,PSIT-52,,,,,,,,,{},purple,0|i00313:,05/Sep/21 12:00 AM,,,,,,,To Do
System Level Check Group 5,PSIT-50,10631,Epic,To Do,PSIT,Paaavo - Satellite Integration Template,software,Paavo Heiskanen,5e53b3ee08e2a40c938544de,,Medium,,Paavo Heiskanen,5e53b3ee08e2a40c938544de,Paavo Heiskanen,5e53b3ee08e2a40c938544de,Paavo Heiskanen,5e53b3ee08e2a40c938544de,16/Sep/20 12:32 PM,02/Oct/20 2:51 PM,02/Oct/20 2:51 PM,,16/May/21 12:00 AM,0,,,,User ,,unknown,,,,,,,,,,,PSIT-49,,,,,,,,,{},yellow,0|i0030j:,15/Apr/21 12:00 AM,,,,,,,To Do
System Level Check Group 9,PSIT-49,10630,Epic,To Do,PSIT,Paaavo - Satellite Integration Template,software,Paavo Heiskanen,5e53b3ee08e2a40c938544de,,Medium,,Paavo Heiskanen,5e53b3ee08e2a40c938544de,Paavo Heiskanen,5e53b3ee08e2a40c938544de,Paavo Heiskanen,5e53b3ee08e2a40c938544de,16/Sep/20 12:32 PM,02/Oct/20 2:58 PM,05/Oct/20 7:17 AM,,05/Sep/21 12:00 AM,0,,,,User ,,unknown,,,,,,,,,,,PSIT-51,,,,,,,,,{},yellow,0|i0030n:,17/Aug/21 12:00 AM,,,,,,,To Do
Harness 7,PSIT-48,10629,Epic,To Do,PSIT,Paaavo - Satellite Integration Template,software,Paavo Heiskanen,5e53b3ee08e2a40c938544de,,Medium,,Paavo Heiskanen,5e53b3ee08e2a40c938544de,Paavo Heiskanen,5e53b3ee08e2a40c938544de,Paavo Heiskanen,5e53b3ee08e2a40c938544de,16/Sep/20 12:32 PM,22/Sep/20 12:16 PM,11/Nov/20 5:11 PM,,,0,,,,User ,,unknown,,,,,,,,,,,,,,,,,,,,{},yellow,0|i0030f:,29/Sep/20 12:00 AM,,,,,,,To Do
SOLP,PSIT-46,10627,Epic,To Do,PSIT,Paaavo - Satellite Integration Template,software,Paavo Heiskanen,5e53b3ee08e2a40c938544de,,Medium,,Paavo Heiskanen,5e53b3ee08e2a40c938544de,Paavo Heiskanen,5e53b3ee08e2a40c938544de,Paavo Heiskanen,5e53b3ee08e2a40c938544de,16/Sep/20 12:32 PM,14/Oct/20 11:40 AM,11/Nov/20 4:08 PM,,12/Mar/21 12:00 AM,0,,,,User ,,unknown,,,,,,,,,,,PSIT-58,,,,,,,,,{},purple,0|i002zz:,10/Feb/21 12:00 AM,,,,,,,To Do
System Level Check Group 8,PSIT-45,10626,Epic,To Do,PSIT,Paaavo - Satellite Integration Template,software,Paavo Heiskanen,5e53b3ee08e2a40c938544de,,Medium,,Paavo Heiskanen,5e53b3ee08e2a40c938544de,Paavo Heiskanen,5e53b3ee08e2a40c938544de,Paavo Heiskanen,5e53b3ee08e2a40c938544de,16/Sep/20 12:32 PM,22/Sep/20 12:33 PM,11/Nov/20 5:11 PM,,12/Feb/21 12:00 AM,0,,,,User ,,unknown,,,,,,,,,,,PSIT-49,,,,,,,,,{},yellow,0|i002zr:,13/Jan/21 12:00 AM,,,,,,,To Do
Harness 6,PSIT-44,10625,Epic,To Do,PSIT,Paaavo - Satellite Integration Template,software,Paavo Heiskanen,5e53b3ee08e2a40c938544de,,Medium,,Paavo Heiskanen,5e53b3ee08e2a40c938544de,Paavo Heiskanen,5e53b3ee08e2a40c938544de,Paavo Heiskanen,5e53b3ee08e2a40c938544de,16/Sep/20 12:32 PM,18/Sep/20 7:24 AM,11/Nov/20 5:11 PM,,,0,,,,User ,,unknown,,,,,,,,,,,,,,,,,,,,{},green,0|i002zj:,29/Sep/20 12:00 AM,,,,,,,To Do
ADCS,PSIT-43,10624,Epic,To Do,PSIT,Paaavo - Satellite Integration Template,software,Paavo Heiskanen,5e53b3ee08e2a40c938544de,,Medium,,Paavo Heiskanen,5e53b3ee08e2a40c938544de,Paavo Heiskanen,5e53b3ee08e2a40c938544de,Paavo Heiskanen,5e53b3ee08e2a40c938544de,16/Sep/20 12:32 PM,22/Sep/20 12:33 PM,11/Nov/20 5:11 PM,,29/Dec/20 12:00 AM,0,,,,User ,,unknown,,,,,,,,,,,PSIT-45,,,,,,,,,{},purple,0|i002zb:,29/Nov/20 12:00 AM,,,,,,,To Do
System Level Check Group 10,PSIT-42,10623,Epic,To Do,PSIT,Paaavo - Satellite Integration Template,software,Paavo Heiskanen,5e53b3ee08e2a40c938544de,,Medium,,Paavo Heiskanen,5e53b3ee08e2a40c938544de,Paavo Heiskanen,5e53b3ee08e2a40c938544de,Paavo Heiskanen,5e53b3ee08e2a40c938544de,16/Sep/20 12:32 PM,02/Oct/20 1:48 PM,02/Oct/20 2:56 PM,,17/Aug/21 12:00 AM,0,,,,User ,,unknown,,,,,,,,,,,PSIT-49,,,,,,,,,{},yellow,0|i002z3:,18/Jul/21 12:00 AM,,,,,,,To Do
Harness 5,PSIT-41,10622,Epic,To Do,PSIT,Paaavo - Satellite Integration Template,software,Paavo Heiskanen,5e53b3ee08e2a40c938544de,,Medium,,Paavo Heiskanen,5e53b3ee08e2a40c938544de,Paavo Heiskanen,5e53b3ee08e2a40c938544de,Paavo Heiskanen,5e53b3ee08e2a40c938544de,16/Sep/20 12:30 PM,18/Sep/20 7:24 AM,11/Nov/20 5:11 PM,,,0,,,,User ,,unknown,,,,,,,,,,,,,,,,,,,,{},green,0|i002yv:,29/Sep/20 12:00 AM,,,,,,,To Do
Payload,PSIT-39,10620,Epic,To Do,PSIT,Paaavo - Satellite Integration Template,software,Paavo Heiskanen,5e53b3ee08e2a40c938544de,,Medium,,Paavo Heiskanen,5e53b3ee08e2a40c938544de,Paavo Heiskanen,5e53b3ee08e2a40c938544de,Paavo Heiskanen,5e53b3ee08e2a40c938544de,16/Sep/20 12:30 PM,02/Oct/20 10:59 AM,11/Nov/20 5:11 PM,,,0,,,,User ,,unknown,,,,,,,,,,,PSIT-60,,,,,,,,,{},purple,0|i002yf:,13/Feb/21 12:00 AM,,,,,,,To Do
System Level Check Group 4,PSIT-38,10619,Epic,To Do,PSIT,Paaavo - Satellite Integration Template,software,Paavo Heiskanen,5e53b3ee08e2a40c938544de,,Medium,,Paavo Heiskanen,5e53b3ee08e2a40c938544de,Paavo Heiskanen,5e53b3ee08e2a40c938544de,Paavo Heiskanen,5e53b3ee08e2a40c938544de,16/Sep/20 12:30 PM,02/Oct/20 1:43 PM,02/Oct/20 1:47 PM,,03/Jul/21 12:00 AM,0,,,,User ,,unknown,,,,,,,,,,,PSIT-60,,,,,,,,,{},yellow,0|i002y7:,03/Jun/21 12:00 AM,,,,,,,To Do
Harness 4,PSIT-37,10618,Epic,To Do,PSIT,Paaavo - Satellite Integration Template,software,Paavo Heiskanen,5e53b3ee08e2a40c938544de,,Medium,,Paavo Heiskanen,5e53b3ee08e2a40c938544de,Paavo Heiskanen,5e53b3ee08e2a40c938544de,Paavo Heiskanen,5e53b3ee08e2a40c938544de,16/Sep/20 12:29 PM,22/Sep/20 12:44 PM,22/Sep/20 12:44 PM,,,0,,,,User ,,unknown,,,,,,,,,,,,,,,,,,,,{},green,0|i002xz:,29/Sep/20 12:00 AM,,,,,,,To Do
Filters,PSIT-36,10617,Epic,To Do,PSIT,Paaavo - Satellite Integration Template,software,Paavo Heiskanen,5e53b3ee08e2a40c938544de,,Medium,,Paavo Heiskanen,5e53b3ee08e2a40c938544de,Paavo Heiskanen,5e53b3ee08e2a40c938544de,Paavo Heiskanen,5e53b3ee08e2a40c938544de,16/Sep/20 12:29 PM,22/Sep/20 12:26 PM,11/Nov/20 5:11 PM,,,0,,,,User ,,unknown,,,,,,,,,,,PSIT-60,,,,,,,,,{},purple,0|i002xr:,29/Sep/20 12:00 AM,,,,,,,To Do
Harness 3,PSIT-35,10616,Epic,To Do,PSIT,Paaavo - Satellite Integration Template,software,Paavo Heiskanen,5e53b3ee08e2a40c938544de,,Medium,,Paavo Heiskanen,5e53b3ee08e2a40c938544de,Paavo Heiskanen,5e53b3ee08e2a40c938544de,Paavo Heiskanen,5e53b3ee08e2a40c938544de,16/Sep/20 12:29 PM,22/Sep/20 12:40 PM,22/Sep/20 12:40 PM,,,0,,,,User ,,unknown,,,,,,,,,,,,,,,,,,,,{},green,0|i002xj:,29/Sep/20 12:00 AM,,,,,,,To Do
CDRL,PSIT-34,10615,Epic,To Do,PSIT,Paaavo - Satellite Integration Template,software,Paavo Heiskanen,5e53b3ee08e2a40c938544de,,Medium,,Paavo Heiskanen,5e53b3ee08e2a40c938544de,Paavo Heiskanen,5e53b3ee08e2a40c938544de,Paavo Heiskanen,5e53b3ee08e2a40c938544de,16/Sep/20 12:29 PM,22/Sep/20 12:42 PM,11/Nov/20 5:11 PM,,,0,,,,User ,,unknown,,,,,,,,,,,PSIT-60,,,,,,,,,{},purple,0|i002xb:,29/Sep/20 12:00 AM,,,,,,,To Do
XANT,PSIT-33,10614,Epic,To Do,PSIT,Paaavo - Satellite Integration Template,software,Paavo Heiskanen,5e53b3ee08e2a40c938544de,,Medium,,Paavo Heiskanen,5e53b3ee08e2a40c938544de,Paavo Heiskanen,5e53b3ee08e2a40c938544de,Paavo Heiskanen,5e53b3ee08e2a40c938544de,16/Sep/20 12:29 PM,22/Sep/20 12:27 PM,11/Nov/20 3:55 PM,,,0,,,,User ,,unknown,,,,,,,,,,,PSIT-60,,,,,,,,,{},purple,0|i002x3:,29/Sep/20 12:00 AM,,,,,,,To Do
Harness 2,PSIT-32,10613,Epic,To Do,PSIT,Paaavo - Satellite Integration Template,software,Paavo Heiskanen,5e53b3ee08e2a40c938544de,,Medium,,Paavo Heiskanen,5e53b3ee08e2a40c938544de,Paavo Heiskanen,5e53b3ee08e2a40c938544de,Paavo Heiskanen,5e53b3ee08e2a40c938544de,16/Sep/20 12:29 PM,18/Sep/20 7:24 AM,11/Nov/20 5:11 PM,,,0,,,,User ,,unknown,,,,,,,,,,,,,,,,,,,,{},purple,0|i002wv:,11/Apr/20 12:00 AM,,,,,,,To Do
RPU,PSIT-30,10611,Epic,To Do,PSIT,Paaavo - Satellite Integration Template,software,Paavo Heiskanen,5e53b3ee08e2a40c938544de,,Medium,,Paavo Heiskanen,5e53b3ee08e2a40c938544de,Paavo Heiskanen,5e53b3ee08e2a40c938544de,Paavo Heiskanen,5e53b3ee08e2a40c938544de,16/Sep/20 12:29 PM,22/Sep/20 12:28 PM,22/Sep/20 4:53 PM,,23/Feb/21 12:00 AM,0,,,,User ,,unknown,,,,,,,,,,,PSIT-59,,,,,,,,,{},purple,0|i0030b:,27/Jan/21 12:00 AM,,,,,,,To Do
Smaller task,PSIT-29,10610,Subtask,To Do,PSIT,Paaavo - Satellite Integration Template,software,Paavo Heiskanen,5e53b3ee08e2a40c938544de,,Medium,,Paavo Heiskanen,5e53b3ee08e2a40c938544de,Arttu Tiainen,5f3a7facfdc3f5003f9cb843,Arttu Tiainen,5f3a7facfdc3f5003f9cb843,16/Sep/20 12:18 PM,18/Sep/20 7:24 AM,11/Nov/20 5:11 PM,,,0,,,,Arttu Tiainen,,5f3a7facfdc3f5003f9cb843,,,,,,,,,,,,,,,,,,,,{},,0|i002w7:,,,,,,10596,Manufacture Bus 1,To Do
Manufacture Bus 1,PSIT-25,10596,Task,To Do,PSIT,Paaavo - Satellite Integration Template,software,Paavo Heiskanen,5e53b3ee08e2a40c938544de,,Medium,,Paavo Heiskanen,5e53b3ee08e2a40c938544de,Paavo Heiskanen,5e53b3ee08e2a40c938544de,Paavo Heiskanen,5e53b3ee08e2a40c938544de,16/Sep/20 10:12 AM,18/Sep/20 7:24 AM,11/Nov/20 5:11 PM,,,0,X-template,,,User ,,unknown,,,,,,,,,,,,,,,,,,,,{},,0|i002tz:,,,,,,10587,BUS,To Do
Harness 1,PSIT-24,10595,Epic,To Do,PSIT,Paaavo - Satellite Integration Template,software,Paavo Heiskanen,5e53b3ee08e2a40c938544de,,Medium,,Paavo Heiskanen,5e53b3ee08e2a40c938544de,Paavo Heiskanen,5e53b3ee08e2a40c938544de,Paavo Heiskanen,5e53b3ee08e2a40c938544de,16/Sep/20 10:11 AM,22/Sep/20 12:44 PM,22/Sep/20 12:36 PM,,14/Nov/20 12:00 AM,0,,,,User ,,unknown,,,,,,,,,,,,,,,,,,,,{},green,0|i002tr:,15/Oct/20 12:00 AM,,,,,,,To Do
S-Band ANT,PSIT-23,10594,Epic,To Do,PSIT,Paaavo - Satellite Integration Template,software,Paavo Heiskanen,5e53b3ee08e2a40c938544de,,Medium,,Paavo Heiskanen,5e53b3ee08e2a40c938544de,Paavo Heiskanen,5e53b3ee08e2a40c938544de,Paavo Heiskanen,5e53b3ee08e2a40c938544de,16/Sep/20 10:11 AM,02/Oct/20 10:59 AM,22/Sep/20 12:45 PM,,,0,,,,User ,,unknown,,,,,,,,,,,,,,,,,,,,{},purple,0|i002tj:,13/Feb/21 12:00 AM,,,,,,,To Do
Splitter,PSIT-22,10593,Epic,To Do,PSIT,Paaavo - Satellite Integration Template,software,Paavo Heiskanen,5e53b3ee08e2a40c938544de,,Medium,,Paavo Heiskanen,5e53b3ee08e2a40c938544de,Paavo Heiskanen,5e53b3ee08e2a40c938544de,Paavo Heiskanen,5e53b3ee08e2a40c938544de,16/Sep/20 10:11 AM,02/Oct/20 1:44 PM,02/Oct/20 1:44 PM,,22/Mar/21 12:00 AM,0,,,,User ,,unknown,,,,,,,,,,,PSIT-60,,,,,,,,,{},purple,0|i002tb:,13/Feb/21 12:00 AM,,,,,,,To Do
OBC-Big,PSIT-21,10592,Epic,To Do,PSIT,Paaavo - Satellite Integration Template,software,Paavo Heiskanen,5e53b3ee08e2a40c938544de,,Medium,,Paavo Heiskanen,5e53b3ee08e2a40c938544de,Paavo Heiskanen,5e53b3ee08e2a40c938544de,Paavo Heiskanen,5e53b3ee08e2a40c938544de,16/Sep/20 10:11 AM,02/Oct/20 10:59 AM,11/Nov/20 5:11 PM,,,0,,,,User ,,unknown,,,,,,,,,,,PSIT-38,,,,,,,,,{},purple,0|i00337:,13/Feb/21 12:00 AM,,,,,,,To Do
Umbilical,PSIT-20,10591,Epic,To Do,PSIT,Paaavo - Satellite Integration Template,software,Paavo Heiskanen,5e53b3ee08e2a40c938544de,,Medium,,Paavo Heiskanen,5e53b3ee08e2a40c938544de,Paavo Heiskanen,5e53b3ee08e2a40c938544de,Paavo Heiskanen,5e53b3ee08e2a40c938544de,16/Sep/20 10:11 AM,14/Oct/20 11:40 AM,14/Oct/20 11:40 AM,,12/Mar/21 12:00 AM,0,,,,User ,,unknown,,,,,,,,,,,PSIT-18,,,,,,,,,{},purple,0|i002sv:,10/Feb/21 12:00 AM,,,,,,,To Do
CONT,PSIT-19,10590,Epic,To Do,PSIT,Paaavo - Satellite Integration Template,software,Paavo Heiskanen,5e53b3ee08e2a40c938544de,,Medium,,Paavo Heiskanen,5e53b3ee08e2a40c938544de,Paavo Heiskanen,5e53b3ee08e2a40c938544de,Paavo Heiskanen,5e53b3ee08e2a40c938544de,16/Sep/20 10:11 AM,02/Oct/20 2:04 PM,11/Nov/20 5:11 PM,,18/Mar/21 12:00 AM,0,,,,User ,,unknown,,;16/Sep/20 2:20 PM;arttu.tiainen;28800,,144000,28800,,,144000,28800,,PSIT-38,,,,,,,,,{},purple,0|i002sn:,13/Feb/21 12:00 AM,,,,,,,To Do
BATT,PSIT-18,10589,Epic,To Do,PSIT,Paaavo - Satellite Integration Template,software,Paavo Heiskanen,5e53b3ee08e2a40c938544de,,Medium,,Paavo Heiskanen,5e53b3ee08e2a40c938544de,Paavo Heiskanen,5e53b3ee08e2a40c938544de,Paavo Heiskanen,5e53b3ee08e2a40c938544de,16/Sep/20 10:11 AM,14/Oct/20 11:40 AM,02/Oct/20 2:47 PM,,27/Apr/21 12:00 AM,0,,,,User ,,unknown,,,,,,,,,,,PSIT-38,,,,,,,,,{},purple,0|i002sf:,12/Mar/21 12:00 AM,,,,,,,To Do
WDOG,PSIT-17,10588,Epic,To Do,PSIT,Paaavo - Satellite Integration Template,software,Paavo Heiskanen,5e53b3ee08e2a40c938544de,,Medium,,Paavo Heiskanen,5e53b3ee08e2a40c938544de,Paavo Heiskanen,5e53b3ee08e2a40c938544de,Paavo Heiskanen,5e53b3ee08e2a40c938544de,16/Sep/20 10:09 AM,02/Oct/20 1:41 PM,02/Oct/20 1:40 PM,,03/Jun/21 12:00 AM,0,,,,User ,,unknown,,,,,,,,,,,PSIT-38,,,,,,,,,{},purple,0|i002s7:,04/May/21 12:00 AM,,,,,,,To Do
BUS,PSIT-16,10587,Epic,To Do,PSIT,Paaavo - Satellite Integration Template,software,Paavo Heiskanen,5e53b3ee08e2a40c938544de,,Medium,,Paavo Heiskanen,5e53b3ee08e2a40c938544de,Paavo Heiskanen,5e53b3ee08e2a40c938544de,Paavo Heiskanen,5e53b3ee08e2a40c938544de,16/Sep/20 10:09 AM,14/Oct/20 11:41 AM,03/Nov/20 10:40 AM,,14/Jan/21 12:00 AM,0,,,,User ,,unknown,,,,,,,,,,,PSIT-17,PSIT-19,PSIT-20,PSIT-21,PSIT-22,PSIT-23,PSIT-46,PSIT-39,,{},,0|i002rz:,08/Nov/20 12:00 AM,,,,,,,To Do
