Summary;Issue key;Issue id;Issue Type;To Do;Project key;Project name;Due date;Labels;Labels;Description;Outward issue link (Blocks);Outward issue link (Blocks);Outward issue link (Blocks);Outward issue link (Blocks);Outward issue link (Blocks);Outward issue link (Blocks);Outward issue link (Blocks);Outward issue link (Blocks);Outward issue link (Blocks);Outward issue link (Blocks);Outward issue link (Blocks);Outward issue link (Blocks);Outward issue link (Blocks);Outward issue link (Blocks);Custom field (Issue color);Custom field (Start date);Parent;Parent summary;Status Category
BUS;X11-1;40555;Epic;To Do;X11;X11;16/08/2020 0.00;X11;X11;[https://iceyedev.atlassian.net/wiki/spaces/SMS/pages/2243264679/ICEYE-SM-PCD-0142+BUS+Integration+Procedure|https://iceyedev.atlassian.net/wiki/spaces/SMS/pages/2243264679/ICEYE-SM-PCD-0142+BUS+Integration+Procedure|smart-link];X11-5;X11-4;X11-3;X11-6;X11-11;X11-12;X11-10;X11-7;X11-13;X11-30;X11-20;X11-14;X11-31;X11-23;purple;07/08/2020 0.00;;;In Progress
RPU & IHXBR installation;X11-10;40564;Epic;To Do;X11;X11;18/09/2020 0.00;X11;X11;[https://iceyedev.atlassian.net/wiki/spaces/SMS/pages/2249359712|https://iceyedev.atlassian.net/wiki/spaces/SMS/pages/2249359712|smart-link];X11-15;;;;;;;;;;;;;;purple;13/09/2020 0.00;;;To Do
CDRL Installation;X11-100;40681;Epic;To Do;X11;X11;14/11/2020 0.00;X11;X11;;;;;;;;;;;;;;;;purple;04/11/2020 0.00;;;To Do
Add Termination on the BUS;X11-104;63298;Task;To Do;X11;X11;;X11;X11;;;;;;;;;;;;;;;;purple;;40574;Propulsion;To Do
Add Thermal Sensors on Satellite;X11-105;63301;Task;To Do;X11;X11;;X11;X11;[https://iceyedev.atlassian.net/wiki/spaces/SMS/pages/2900951568/ICEYE-SM-SPC-0262+X11+Thermal+Sensor+Locations|https://iceyedev.atlassian.net/wiki/spaces/SMS/pages/2900951568/ICEYE-SM-SPC-0262+X11+Thermal+Sensor+Locations|smart-link] ;;;;;;;;;;;;;;;;;;;
Add CAN Termination;X11-106;63303;Task;To Do;X11;X11;;X11;X11;;;;;;;;;;;;;;;;purple;;40568;Payload;To Do
Kicker spring Instalation;X11-107;63306;Task;To Do;X11;X11;;X11;X11;;;;;;;;;;;;;;;;purple;;40568;Payload;To Do
Installation of Umbilical;X11-108;63309;Task;To Do;X11;X11;;X11;X11;;;;;;;;;;;;;;;;purple;;40569;Harness 2;To Do
CDRLite;X11-11;40565;Epic;To Do;X11;X11;17/09/2020 0.00;X11;X11;[https://iceyedev.atlassian.net/wiki/spaces/SMS/pages/2245591063/ICEYE-SM-PCD-0148+CDRLite+Integration+Procedure|https://iceyedev.atlassian.net/wiki/spaces/SMS/pages/2245591063/ICEYE-SM-PCD-0148+CDRLite+Integration+Procedure|smart-link];;;;;;;;;;;;;;;purple;10/09/2020 0.00;;;To Do
Filters;X11-12;40566;Epic;To Do;X11;X11;18/09/2020 0.00;X11;X11;[https://iceyedev.atlassian.net/wiki/spaces/SMS/pages/2246115370/ICEYE-SM-PCD-0156+Filters+Integration+Procedure|https://iceyedev.atlassian.net/wiki/spaces/SMS/pages/2246115370/ICEYE-SM-PCD-0156+Filters+Integration+Procedure|smart-link];X11-15;;;;;;;;;;;;;;purple;11/09/2020 0.00;;;To Do
XANT;X11-13;40567;Epic;To Do;X11;X11;19/09/2020 0.00;X11;X11;[https://iceyedev.atlassian.net/wiki/spaces/SMS/pages/2251391313/ICEYE-SM-PCD-0205+XANT+Integration+Procedure|https://iceyedev.atlassian.net/wiki/spaces/SMS/pages/2251391313/ICEYE-SM-PCD-0205+XANT+Integration+Procedure|smart-link];X11-15;;;;;;;;;;;;;;purple;12/09/2020 0.00;;;To Do
Payload;X11-14;40568;Epic;To Do;X11;X11;21/09/2020 0.00;X11;X11;[https://iceyedev.atlassian.net/wiki/spaces/SMS/pages/2251555116/ICEYE-SM-PCD-0176+Payload+Integration+Procedure|https://iceyedev.atlassian.net/wiki/spaces/SMS/pages/2251555116/ICEYE-SM-PCD-0176+Payload+Integration+Procedure|smart-link];X11-15;;;;;;;;;;;;;;purple;14/09/2020 0.00;;;To Do
Harness 2;X11-15;40569;Epic;To Do;X11;X11;30/09/2020 0.00;X11;X11;[https://iceyedev.atlassian.net/wiki/spaces/SMS/pages/2243756949/ICEYE-SM-PCD-0162+Harness+2+Integration+Procedure|https://iceyedev.atlassian.net/wiki/spaces/SMS/pages/2243756949/ICEYE-SM-PCD-0162+Harness+2+Integration+Procedure|smart-link];X11-16;;;;;;;;;;;;;;purple;23/09/2020 0.00;;;To Do
System Level Check Group 1;X11-16;40570;Epic;To Do;X11;X11;04/10/2020 0.00;X11;X11;[https://iceyedev.atlassian.net/wiki/spaces/SMS/pages/1488846849/System+Level+Checks+-+Group+1|https://iceyedev.atlassian.net/wiki/spaces/SMS/pages/1488846849/System+Level+Checks+-+Group+1|smart-link] ;X11-18;;;;;;;;;;;;;;yellow;01/10/2020 0.00;;;To Do
TLM connection check;X11-17;40571;Epic;To Do;X11;X11;16/10/2020 0.00;X11;X11;;X11-19;;;;;;;;;;;;;;yellow;06/10/2020 0.00;;;To Do
System Level Check Group 2;X11-18;40572;Epic;To Do;X11;X11;15/10/2020 0.00;X11;X11;[https://iceyedev.atlassian.net/wiki/spaces/SMS/pages/1632633037/System+Level+Checks+-+Group+2+-+Imaging|https://iceyedev.atlassian.net/wiki/spaces/SMS/pages/1632633037/System+Level+Checks+-+Group+2+-+Imaging|smart-link] ;X11-19;;;;;;;;;;;;;;yellow;06/10/2020 0.00;;;To Do
System Level Check Group 3;X11-19;40573;Epic;To Do;X11;X11;22/10/2020 0.00;X11;X11;[https://iceyedev.atlassian.net/wiki/spaces/SMS/pages/1632469217/System+Level+Checks+-+Group+3+-+Radio+test+and+Anechoic|https://iceyedev.atlassian.net/wiki/spaces/SMS/pages/1632469217/System+Level+Checks+-+Group+3+-+Radio+test+and+Anechoic|smart-link] ;X11-29;;;;;;;;;;;;;;yellow;19/10/2020 0.00;;;To Do
WDOG;X11-2;40556;Epic;To Do;X11;X11;09/09/2020 0.00;X11;X11;[https://iceyedev.atlassian.net/wiki/spaces/SMS/pages/2251325775/ICEYE-SM-PCD-0203+WDOG+Integration+Procedure|https://iceyedev.atlassian.net/wiki/spaces/SMS/pages/2251325775/ICEYE-SM-PCD-0203+WDOG+Integration+Procedure|smart-link];X11-8;;;;;;;;;;;;;;purple;05/09/2020 0.00;;;To Do
Propulsion;X11-20;40574;Epic;To Do;X11;X11;24/09/2020 0.00;X11;X11;[https://iceyedev.atlassian.net/wiki/spaces/SMS/pages/2250965275/ICEYE-SM-PCD-0181+Propulsion+Integration+Procedure|https://iceyedev.atlassian.net/wiki/spaces/SMS/pages/2250965275/ICEYE-SM-PCD-0181+Propulsion+Integration+Procedure|smart-link];X11-21;;;;;;;;;;;;;;purple;16/09/2020 0.00;;;To Do
Harness 3;X11-21;40575;Epic;To Do;X11;X11;29/09/2020 0.00;X11;X11;[https://iceyedev.atlassian.net/wiki/spaces/SMS/pages/2243791485/ICEYE-SM-PCD-0163+Harness+3+Integration+Procedure|https://iceyedev.atlassian.net/wiki/spaces/SMS/pages/2243791485/ICEYE-SM-PCD-0163+Harness+3+Integration+Procedure|smart-link];X11-22;;;;;;;;;;;;;;purple;24/09/2020 0.00;;;To Do
System Level Check Group 5;X11-22;40576;Epic;To Do;X11;X11;06/10/2020 0.00;X11;X11;[https://iceyedev.atlassian.net/wiki/spaces/SMS/pages/1632633050/System+Level+Checks+-+Group+5+-+Subsystem+checks|https://iceyedev.atlassian.net/wiki/spaces/SMS/pages/1632633050/System+Level+Checks+-+Group+5+-+Subsystem+checks|smart-link] ;X11-33;;;;;;;;;;;;;;yellow;29/09/2020 0.00;;;To Do
SOLP;X11-23;40577;Epic;To Do;X11;X11;23/09/2020 0.00;X11;X11;[https://iceyedev.atlassian.net/wiki/spaces/SMS/pages/2248278044/ICEYE-SM-PCD-0189+SOLP+Integration+Procedure|https://iceyedev.atlassian.net/wiki/spaces/SMS/pages/2248278044/ICEYE-SM-PCD-0189+SOLP+Integration+Procedure|smart-link];X11-24;;;;;;;;;;;;;;purple;17/09/2020 0.00;;;To Do
Harness 4;X11-24;40578;Epic;To Do;X11;X11;30/09/2020 0.00;X11;X11;[https://iceyedev.atlassian.net/wiki/spaces/SMS/pages/2243756959/ICEYE-SM-PCD-0164+Harness+4+Integration+Procedure|https://iceyedev.atlassian.net/wiki/spaces/SMS/pages/2243756959/ICEYE-SM-PCD-0164+Harness+4+Integration+Procedure|smart-link];X11-25;;;;;;;;;;;;;;purple;26/09/2020 0.00;;;To Do
System Level Check Group 7;X11-25;40579;Epic;To Do;X11;X11;08/10/2020 0.00;X11;X11;;X11-33;;;;;;;;;;;;;;yellow;30/09/2020 0.00;;;To Do
System Level Check Group 8;X11-26;40580;Epic;To Do;X11;X11;14/10/2020 0.00;X11;X11;;X11-33;;;;;;;;;;;;;;yellow;05/10/2020 0.00;;;To Do
ADCS;X11-27;40581;Epic;To Do;X11;X11;10/10/2020 0.00;X11;X11;[https://iceyedev.atlassian.net/wiki/spaces/SMS/pages/2243756091/ICEYE-SM-PCD-0133+ADCS+Integration+Procedure|https://iceyedev.atlassian.net/wiki/spaces/SMS/pages/2243756091/ICEYE-SM-PCD-0133+ADCS+Integration+Procedure|smart-link];X11-28;;;;;;;;;;;;;;purple;30/09/2020 0.00;;;To Do
Harness 5;X11-28;40582;Epic;To Do;X11;X11;22/10/2020 0.00;X11;X11;[https://iceyedev.atlassian.net/wiki/spaces/SMS/pages/2248015905/ICEYE-SM-PCD-0165+Harness+5+Integration+Procedure|https://iceyedev.atlassian.net/wiki/spaces/SMS/pages/2248015905/ICEYE-SM-PCD-0165+Harness+5+Integration+Procedure|smart-link];X11-29;;;;;;;;;;;;;;purple;14/10/2020 0.00;;;To Do
System Level Check Group 10;X11-29;40583;Epic;To Do;X11;X11;31/10/2020 0.00;X11;X11;;X11-33;;;;;;;;;;;;;;yellow;25/10/2020 0.00;;;To Do
PCMA;X11-3;40557;Epic;To Do;X11;X11;05/09/2020 0.00;X11;X11;[https://iceyedev.atlassian.net/wiki/spaces/SMS/pages/2251489556/ICEYE-SM-PCD-0180+PCMA+Integration+Procedure|https://iceyedev.atlassian.net/wiki/spaces/SMS/pages/2251489556/ICEYE-SM-PCD-0180+PCMA+Integration+Procedure|smart-link];X11-8;;;;;;;;;;;;;;purple;28/08/2020 0.00;;;Done
OBC Small;X11-30;40584;Epic;To Do;X11;X11;04/10/2020 0.00;X11;X11;[https://iceyedev.atlassian.net/wiki/spaces/SMS/pages/2249392190/ICEYE-SM-PCD-0172+OBC+Small+Integration+Procedure|https://iceyedev.atlassian.net/wiki/spaces/SMS/pages/2249392190/ICEYE-SM-PCD-0172+OBC+Small+Integration+Procedure|smart-link];X11-17;X11-32;;;;;;;;;;;;;purple;29/09/2020 0.00;;;To Do
Deployment Switches;X11-31;40585;Epic;To Do;X11;X11;23/10/2020 0.00;X11;X11;[https://iceyedev.atlassian.net/wiki/spaces/SMS/pages/2243756376/ICEYE-SM-PCD-0154+Deployment+Switches+Procedure|https://iceyedev.atlassian.net/wiki/spaces/SMS/pages/2243756376/ICEYE-SM-PCD-0154+Deployment+Switches+Procedure|smart-link];X11-32;;;;;;;;;;;;;;purple;19/10/2020 0.00;;;To Do
Harness 6;X11-32;40586;Epic;To Do;X11;X11;06/11/2020 0.00;X11;X11;[https://iceyedev.atlassian.net/wiki/spaces/SMS/pages/2248048702/ICEYE-SM-PCD-0166+Harness+6+Integration+Procedure|https://iceyedev.atlassian.net/wiki/spaces/SMS/pages/2248048702/ICEYE-SM-PCD-0166+Harness+6+Integration+Procedure|smart-link];X11-33;;;;;;;;;;;;;;purple;26/10/2020 0.00;;;To Do
System Level Check Group 9;X11-33;40587;Epic;To Do;X11;X11;11/11/2020 0.00;X11;X11;[https://iceyedev.atlassian.net/wiki/spaces/SMS/pages/1632764086/System+Level+Checks+-+Group+9+-+ADCS+tests|https://iceyedev.atlassian.net/wiki/spaces/SMS/pages/1632764086/System+Level+Checks+-+Group+9+-+ADCS+tests|smart-link] ;X11-34;;;;;;;;;;;;;;yellow;07/11/2020 0.00;;;To Do
Close-up - MLI and Stow;X11-34;40588;Epic;To Do;X11;X11;19/11/2020 0.00;X11;X11;[https://iceyedev.atlassian.net/wiki/spaces/SMS/pages/2243592843/ICEYE-SM-PCD-0151+Close-up+-+MLI+and+Stow+Procedure|https://iceyedev.atlassian.net/wiki/spaces/SMS/pages/2243592843/ICEYE-SM-PCD-0151+Close-up+-+MLI+and+Stow+Procedure|smart-link];X11-35;;;;;;;;;;;;;;purple;13/11/2020 0.00;;;To Do
System Level Check Group 11;X11-35;40589;Epic;To Do;X11;X11;02/12/2020 0.00;X11;X11;;X11-36;;;;;;;;;;;;;;yellow;22/11/2020 0.00;;;To Do
System Level Check Group 12;X11-36;40590;Epic;To Do;X11;X11;17/12/2020 0.00;X11;X11;;X11-37;;;;;;;;;;;;;;yellow;04/12/2020 0.00;;;To Do
System Level Check Group 13;X11-37;40591;Epic;To Do;X11;X11;28/12/2020 0.00;X11;X11;;X11-38;;;;;;;;;;;;;;yellow;20/12/2020 0.00;;;To Do
SPSR;X11-38;40592;Epic;To Do;X11;X11;06/01/2021 0.00;X11;X11;[https://iceyedev.atlassian.net/wiki/spaces/SMS/pages/2251358520/ICEYE-SM-PCD-0193+SPSR+Integration+Procedure|https://iceyedev.atlassian.net/wiki/spaces/SMS/pages/2251358520/ICEYE-SM-PCD-0193+SPSR+Integration+Procedure|smart-link];;;;;;;;;;;;;;;dark_orange;30/12/2020 0.00;;;To Do
Tests for TLM Connection check;X11-39;40593;Task;To Do;X11;X11;;X11;X11;;;;;;;;;;;;;;;;;;40571;TLM connection check;To Do
CONT;X11-4;40558;Epic;To Do;X11;X11;24/08/2020 0.00;X11;X11;[https://iceyedev.atlassian.net/wiki/spaces/SMS/pages/2245591078/ICEYE-SM-PCD-0152+CONT+Integration+Procedure|https://iceyedev.atlassian.net/wiki/spaces/SMS/pages/2245591078/ICEYE-SM-PCD-0152+CONT+Integration+Procedure|smart-link];X11-8;;;;;;;;;;;;;;purple;19/08/2020 0.00;;;In Progress
CAN Continuity;X11-40;40594;Task;To Do;X11;X11;;X11;X11;;;;;;;;;;;;;;;;;;40570;System Level Check Group 1;To Do
Tests for System Level Check group 2;X11-41;40595;Task;To Do;X11;X11;;X11;X11;;;;;;;;;;;;;;;;;;40572;System Level Check Group 2;To Do
Check Battery connection;X11-42;40596;Task;To Do;X11;X11;;X11;X11;;;;;;;;;;;;;;;;;;40570;System Level Check Group 1;To Do
Workspace preparation;X11-43;40597;Task;To Do;X11;X11;;X11;X11;[https://iceyedev.atlassian.net/wiki/spaces/SMS/pages/2251653243/ICEYE-SM-PCD-0204+Workspace+preparation+Procedure|https://iceyedev.atlassian.net/wiki/spaces/SMS/pages/2251653243/ICEYE-SM-PCD-0204+Workspace+preparation+Procedure|smart-link];;;;;;;;;;;;;;;;;40555;BUS;Done
Bottom plate installation;X11-44;40598;Task;To Do;X11;X11;;X11;X11;[https://iceyedev.atlassian.net/wiki/spaces/SMS/pages/2243559591/ICEYE-SM-PCD-0139+Bottom+Plate+Installation+Procedure|https://iceyedev.atlassian.net/wiki/spaces/SMS/pages/2243559591/ICEYE-SM-PCD-0139+Bottom+Plate+Installation+Procedure|smart-link];;;;;;;;;;;;;;;;;40555;BUS;Done
Internal walls and X-frame installation;X11-45;40599;Task;To Do;X11;X11;;X11;X11;[https://iceyedev.atlassian.net/wiki/spaces/SMS/pages/2251390985/ICEYE-SM-PCD-0170++Internal+walls+and+X-frame+installation+Procedure|https://iceyedev.atlassian.net/wiki/spaces/SMS/pages/2251390985/ICEYE-SM-PCD-0170++Internal+walls+and+X-frame+installation+Procedure|smart-link];;;;;;;;;;;;;;;;;40555;BUS;In Progress
Front and Back Panels installation;X11-46;40600;Task;To Do;X11;X11;;X11;X11;[https://iceyedev.atlassian.net/wiki/spaces/SMS/pages/2245984350/ICEYE-SM-PCD-0159+Front+and+Back+Panels+installation+Procedure|https://iceyedev.atlassian.net/wiki/spaces/SMS/pages/2245984350/ICEYE-SM-PCD-0159+Front+and+Back+Panels+installation+Procedure|smart-link];;;;;;;;;;;;;;;;;40555;BUS;Done
Thermal paste application (BATT);X11-47;40601;Task;To Do;X11;X11;;X11;X11;[https://iceyedev.atlassian.net/wiki/spaces/SMS/pages/2249261449/ICEYE-SM-PCD-0198+Thermal+Paste+Application+Process+Description|https://iceyedev.atlassian.net/wiki/spaces/SMS/pages/2249261449/ICEYE-SM-PCD-0198+Thermal+Paste+Application+Process+Description|smart-link];;;;;;;;;;;;;;;;;40559;BATT;Done
Battery installation;X11-48;40602;Task;To Do;X11;X11;;X11;X11;[https://iceyedev.atlassian.net/wiki/spaces/SMS/pages/2243199848/ICEYE-SM-PCD-0138+Battery+Installation+Procedure|https://iceyedev.atlassian.net/wiki/spaces/SMS/pages/2243199848/ICEYE-SM-PCD-0138+Battery+Installation+Procedure|smart-link];;;;;;;;;;;;;;;;;40559;BATT;Done
Watchdog installation;X11-49;40603;Task;To Do;X11;X11;;X11;X11;[https://iceyedev.atlassian.net/wiki/spaces/SMS/pages/2251325775/ICEYE-SM-PCD-0203+WDOG+Integration+Procedure|https://iceyedev.atlassian.net/wiki/spaces/SMS/pages/2251325775/ICEYE-SM-PCD-0203+WDOG+Integration+Procedure|smart-link];;;;;;;;;;;;;;;;;40556;WDOG;To Do
BATT;X11-5;40559;Epic;To Do;X11;X11;03/09/2020 0.00;X11;X11;[https://iceyedev.atlassian.net/wiki/spaces/SMS/pages/2243788872/ICEYE-SM-PCD-0137+BATT+Integration+Procedure|https://iceyedev.atlassian.net/wiki/spaces/SMS/pages/2243788872/ICEYE-SM-PCD-0137+BATT+Integration+Procedure|smart-link];X11-8;X11-2;;;;;;;;;;;;;purple;29/08/2020 0.00;;;Done
Thermal paste application (PCMA);X11-50;40604;Task;To Do;X11;X11;;X11;X11;[https://iceyedev.atlassian.net/wiki/spaces/SMS/pages/2249261449/ICEYE-SM-PCD-0198+Thermal+Paste+Application+Process+Description|https://iceyedev.atlassian.net/wiki/spaces/SMS/pages/2249261449/ICEYE-SM-PCD-0198+Thermal+Paste+Application+Process+Description|smart-link];;;;;;;;;;;;;;;;;40557;PCMA;Done
PCM Assembly installation;X11-51;40605;Task;To Do;X11;X11;;X11;X11;[https://iceyedev.atlassian.net/wiki/spaces/SMS/pages/2251653181/ICEYE-SM-PCD-0179+PCM+Assembly+installation+Procedure|https://iceyedev.atlassian.net/wiki/spaces/SMS/pages/2251653181/ICEYE-SM-PCD-0179+PCM+Assembly+installation+Procedure|smart-link] [https://iceyedev.atlassian.net/wiki/spaces/SMS/pages/2251653181/ICEYE-SM-PCD-0179+PCM+Assembly+installation+Procedure|https://iceyedev.atlassian.net/wiki/spaces/SMS/pages/2251653181/ICEYE-SM-PCD-0179+PCM+Assembly+installation+Procedure|smart-link];;;;;;;;;;;;;;;;;40557;PCMA;Done
Thermal paste application (CONT);X11-52;40606;Task;To Do;X11;X11;;X11;X11;[https://iceyedev.atlassian.net/wiki/spaces/SMS/pages/2249261449/ICEYE-SM-PCD-0198+Thermal+Paste+Application+Process+Description|https://iceyedev.atlassian.net/wiki/spaces/SMS/pages/2249261449/ICEYE-SM-PCD-0198+Thermal+Paste+Application+Process+Description|smart-link];;;;;;;;;;;;;;;;;;;
CONT installation;X11-53;40607;Task;To Do;X11;X11;;X11;X11;[https://iceyedev.atlassian.net/wiki/spaces/SMS/pages/2245591107/ICEYE-SM-PCD-0153+CONT+installation+Procedure|https://iceyedev.atlassian.net/wiki/spaces/SMS/pages/2245591107/ICEYE-SM-PCD-0153+CONT+installation+Procedure|smart-link];;;;;;;;;;;;;;;;;;;
Splitter installation;X11-54;40608;Task;To Do;X11;X11;;X11;X11;[https://iceyedev.atlassian.net/wiki/spaces/SMS/pages/2249490809/ICEYE-SM-PCD-0192+Splitter+installation+Procedure|https://iceyedev.atlassian.net/wiki/spaces/SMS/pages/2249490809/ICEYE-SM-PCD-0192+Splitter+installation+Procedure|smart-link];;;;;;;;;;;;;;;;;40561;OBC-Big;To Do
Bracket and isolators installation;X11-55;40609;Task;To Do;X11;X11;;X11;X11;[https://iceyedev.atlassian.net/wiki/spaces/SMS/pages/2243592331/ICEYE-SM-PCD-0140+Bracket+and+Isolators+Installation+%28S-band+ANT%29+Procedure|https://iceyedev.atlassian.net/wiki/spaces/SMS/pages/2243592331/ICEYE-SM-PCD-0140+Bracket+and+Isolators+Installation+%28S-band+ANT%29+Procedure|smart-link];;;;;;;;;;;;;;;;;40560;S-Band ANT;In Progress
S-band antenna mounting;X11-56;40610;Task;To Do;X11;X11;;X11;X11;[https://iceyedev.atlassian.net/wiki/spaces/SMS/pages/2243428880/ICEYE-SM-PCD-0135+Antenna+Mounting+Procedure|https://iceyedev.atlassian.net/wiki/spaces/SMS/pages/2243428880/ICEYE-SM-PCD-0135+Antenna+Mounting+Procedure|smart-link];;;;;;;;;;;;;;;;;40560;S-Band ANT;In Progress
Thermal paste application (OBC Big);X11-57;40611;Task;To Do;X11;X11;;X11;X11;[https://iceyedev.atlassian.net/wiki/spaces/SMS/pages/2249261449/ICEYE-SM-PCD-0198+Thermal+Paste+Application+Process+Description|https://iceyedev.atlassian.net/wiki/spaces/SMS/pages/2249261449/ICEYE-SM-PCD-0198+Thermal+Paste+Application+Process+Description|smart-link];;;;;;;;;;;;;;;;;40561;OBC-Big;To Do
OBC-Big installation;X11-58;40612;Task;To Do;X11;X11;;X11;X11;[https://iceyedev.atlassian.net/wiki/spaces/SMS/pages/2250932508/ICEYE-SM-PCD-0175+OBC-Big+installation+Procedure|https://iceyedev.atlassian.net/wiki/spaces/SMS/pages/2250932508/ICEYE-SM-PCD-0175+OBC-Big+installation+Procedure|smart-link];;;;;;;;;;;;;;;;;40561;OBC-Big;In Progress
Thermal past application (CDRL);X11-59;40613;Task;To Do;X11;X11;;X11;X11;;;;;;;;;;;;;;;;;;40681;CDRL Installation;To Do
S-Band ANT;X11-6;40560;Epic;To Do;X11;X11;16/09/2020 0.00;X11;X11;[https://iceyedev.atlassian.net/wiki/spaces/SMS/pages/2251489590/ICEYE-SM-PCD-0187+S-Band+ANT+Integration+Procedure|https://iceyedev.atlassian.net/wiki/spaces/SMS/pages/2251489590/ICEYE-SM-PCD-0187+S-Band+ANT+Integration+Procedure|smart-link];X11-17;;;;;;;;;;;;;;purple;04/09/2020 0.00;;;In Progress
CDRL Installation;X11-60;40614;Task;To Do;X11;X11;;X11;X11;[https://iceyedev.atlassian.net/wiki/spaces/SMS/pages/2243790154/ICEYE-SM-PCD-0147+CDRL+Installation+Procedure|https://iceyedev.atlassian.net/wiki/spaces/SMS/pages/2243790154/ICEYE-SM-PCD-0147+CDRL+Installation+Procedure|smart-link] ;;;;;;;;;;;;;;;;;40681;CDRL Installation;In Progress
Thermal paste application (RPU);X11-61;40615;Task;To Do;X11;X11;;X11;X11;[https://iceyedev.atlassian.net/wiki/spaces/SMS/pages/2249261449/ICEYE-SM-PCD-0198+Thermal+Paste+Application+Process+Description|https://iceyedev.atlassian.net/wiki/spaces/SMS/pages/2249261449/ICEYE-SM-PCD-0198+Thermal+Paste+Application+Process+Description|smart-link];;;;;;;;;;;;;;;;;;;
RPU & IHXBR Installation;X11-62;40616;Task;To Do;X11;X11;;X11;X11;Installation checklist: [https://iceyedev.atlassian.net/wiki/spaces/SMS/pages/2203779751/EXAMPLE+RPU+Installation+procedure|https://iceyedev.atlassian.net/wiki/spaces/SMS/pages/2203779751/EXAMPLE+RPU+Installation+procedure|smart-link] [https://iceyedev.atlassian.net/wiki/spaces/SMS/pages/2251555147|https://iceyedev.atlassian.net/wiki/spaces/SMS/pages/2251555147|smart-link];;;;;;;;;;;;;;;;;;;
Stand-offs installation;X11-63;40617;Task;To Do;X11;X11;;X11;X11;[https://iceyedev.atlassian.net/wiki/spaces/SMS/pages/2250932573/ICEYE-SM-PCD-0194+Stand-offs+installation+Procedure|https://iceyedev.atlassian.net/wiki/spaces/SMS/pages/2250932573/ICEYE-SM-PCD-0194+Stand-offs+installation+Procedure|smart-link] ;;;;;;;;;;;;;;;;;40577;SOLP;To Do
Thermal paste application (IHXB);X11-64;40618;Task;To Do;X11;X11;;X11;X11;;;;;;;;;;;;;;;;;;40564;RPU & IHXBR installation;To Do
IHXB Installation;X11-65;40619;Task;To Do;X11;X11;;X11;X11;;MITA-107;MITA-106;;;;;;;;;;;;;;;40564;RPU & IHXBR installation;In Progress
Thermal paste application (CDRLite);X11-66;40620;Task;To Do;X11;X11;;X11;X11;[https://iceyedev.atlassian.net/wiki/spaces/SMS/pages/2249261449/ICEYE-SM-PCD-0198+Thermal+Paste+Application+Process+Description|https://iceyedev.atlassian.net/wiki/spaces/SMS/pages/2249261449/ICEYE-SM-PCD-0198+Thermal+Paste+Application+Process+Description|smart-link];;;;;;;;;;;;;;;;;40565;CDRLite;To Do
CDRLite Installation;X11-67;40621;Task;To Do;X11;X11;;X11;X11;[https://iceyedev.atlassian.net/wiki/spaces/SMS/pages/2245623825/ICEYE-SM-PCD-0149+CDRLite+Installation+Procedure|https://iceyedev.atlassian.net/wiki/spaces/SMS/pages/2245623825/ICEYE-SM-PCD-0149+CDRLite+Installation+Procedure|smart-link];;;;;;;;;;;;;;;;;40565;CDRLite;In Progress
Triangle bracket assembly;X11-68;40622;Task;To Do;X11;X11;;X11;X11;[https://iceyedev.atlassian.net/wiki/spaces/SMS/pages/2249392531/ICEYE-SM-PCD-0201+Triangle+bracket+assembly+Procedure|https://iceyedev.atlassian.net/wiki/spaces/SMS/pages/2249392531/ICEYE-SM-PCD-0201+Triangle+bracket+assembly+Procedure|smart-link];;;;;;;;;;;;;;;;;40566;Filters;To Do
Thermal paste application (Filters);X11-69;40623;Task;To Do;X11;X11;;X11;X11;[https://iceyedev.atlassian.net/wiki/spaces/SMS/pages/2249261449/ICEYE-SM-PCD-0198+Thermal+Paste+Application+Process+Description|https://iceyedev.atlassian.net/wiki/spaces/SMS/pages/2249261449/ICEYE-SM-PCD-0198+Thermal+Paste+Application+Process+Description|smart-link];;;;;;;;;;;;;;;;;40566;Filters;To Do
OBC-Big;X11-7;40561;Epic;To Do;X11;X11;31/08/2020 0.00;X11;X11;[https://iceyedev.atlassian.net/wiki/spaces/SMS/pages/2251259952/ICEYE-SM-PCD-0174+OBC-Big+Integration+Procedure|https://iceyedev.atlassian.net/wiki/spaces/SMS/pages/2251259952/ICEYE-SM-PCD-0174+OBC-Big+Integration+Procedure|smart-link];X11-8;X11-17;;;;;;;;;;;;;purple;24/08/2020 0.00;;;To Do
Filters installation;X11-70;40624;Task;To Do;X11;X11;;X11;X11;[https://iceyedev.atlassian.net/wiki/spaces/SMS/pages/2245591185/ICEYE-SM-PCD-0157+Filters+Installation+Procedure|https://iceyedev.atlassian.net/wiki/spaces/SMS/pages/2245591185/ICEYE-SM-PCD-0157+Filters+Installation+Procedure|smart-link];;;;;;;;;;;;;;;;;40566;Filters;To Do
XANT Bracket and isolators installation;X11-71;40625;Task;To Do;X11;X11;;X11;X11;[https://iceyedev.atlassian.net/wiki/spaces/SMS/pages/2243625152/ICEYE-SM-PCD-0141+Bracket+and+Isolators+Installation+%28XANT%29+Procedure|https://iceyedev.atlassian.net/wiki/spaces/SMS/pages/2243625152/ICEYE-SM-PCD-0141+Bracket+and+Isolators+Installation+%28XANT%29+Procedure|smart-link];;;;;;;;;;;;;;;;;40567;XANT;To Do
XANT mounting;X11-72;40626;Task;To Do;X11;X11;;X11;X11;[https://iceyedev.atlassian.net/wiki/spaces/SMS/pages/2250965325/ICEYE-SM-PCD-0206+XANT+mounting+Procedure|https://iceyedev.atlassian.net/wiki/spaces/SMS/pages/2250965325/ICEYE-SM-PCD-0206+XANT+mounting+Procedure|smart-link];;;;;;;;;;;;;;;;;40567;XANT;To Do
Payload Antenna Frame installation;X11-73;40627;Task;To Do;X11;X11;;X11;X11;[https://iceyedev.atlassian.net/wiki/spaces/SMS/pages/2243788861/ICEYE-SM-PCD-0134+Antenna+Frame+Installation+Procedure|https://iceyedev.atlassian.net/wiki/spaces/SMS/pages/2243788861/ICEYE-SM-PCD-0134+Antenna+Frame+Installation+Procedure|smart-link];;;;;;;;;;;;;;;;;40568;Payload;In Progress
CDR + PA sandwich installation;X11-74;40628;Task;To Do;X11;X11;;X11;X11;[https://iceyedev.atlassian.net/wiki/spaces/SMS/pages/2243592824|https://iceyedev.atlassian.net/wiki/spaces/SMS/pages/2243592824|smart-link];;;;;;;;;;;;;;;;;;;
RF Cables routing;X11-75;40629;Task;To Do;X11;X11;;X11;X11;[https://iceyedev.atlassian.net/wiki/spaces/SMS/pages/2251685919/ICEYE-SM-PCD-0183+RF+Cables+routing+Procedure|https://iceyedev.atlassian.net/wiki/spaces/SMS/pages/2251685919/ICEYE-SM-PCD-0183+RF+Cables+routing+Procedure|smart-link];;;;;;;;;;;;;;;;;40568;Payload;To Do
Payload harness installation;X11-76;40630;Task;To Do;X11;X11;;X11;X11;[https://iceyedev.atlassian.net/wiki/spaces/SMS/pages/2250932523/ICEYE-SM-PCD-0177+Payload+harness+installation+Procedure|https://iceyedev.atlassian.net/wiki/spaces/SMS/pages/2250932523/ICEYE-SM-PCD-0177+Payload+harness+installation+Procedure|smart-link];;;;;;;;;;;;;;;;;40568;Payload;To Do
RANT installation;X11-77;40631;Task;To Do;X11;X11;;X11;X11;[https://iceyedev.atlassian.net/wiki/spaces/SMS/pages/2243428887/ICEYE-SM-PCD-0136+Antennas+Installation+Procedure|https://iceyedev.atlassian.net/wiki/spaces/SMS/pages/2243428887/ICEYE-SM-PCD-0136+Antennas+Installation+Procedure|smart-link];;;;;;;;;;;;;;;;;;;
CDR Shields installation;X11-78;40632;Task;To Do;X11;X11;;X11;X11;[https://iceyedev.atlassian.net/wiki/spaces/SMS/pages/2242872677/ICEYE-SM-PCD-0146+CDR+Shields+Installation+Procedure|https://iceyedev.atlassian.net/wiki/spaces/SMS/pages/2242872677/ICEYE-SM-PCD-0146+CDR+Shields+Installation+Procedure|smart-link];;;;;;;;;;;;;;;;;40568;Payload;To Do
Support Frames Installation;X11-79;40633;Task;To Do;X11;X11;;X11;X11;[https://iceyedev.atlassian.net/wiki/spaces/SMS/pages/2251489634/ICEYE-SM-PCD-0197+Support+Frames+Installation+Procedure|https://iceyedev.atlassian.net/wiki/spaces/SMS/pages/2251489634/ICEYE-SM-PCD-0197+Support+Frames+Installation+Procedure|smart-link];;;;;;;;;;;;;;;;;40574;Propulsion;To Do
Harness 1;X11-8;40562;Epic;To Do;X11;X11;17/09/2020 0.00;X11;X11;[https://iceyedev.atlassian.net/wiki/spaces/SMS/pages/2248048663/ICEYE-SM-PCD-0161+Harness+1+Integration+Procedure|https://iceyedev.atlassian.net/wiki/spaces/SMS/pages/2248048663/ICEYE-SM-PCD-0161+Harness+1+Integration+Procedure|smart-link];X11-9;;;;;;;;;;;;;;purple;11/09/2020 0.00;;;In Progress
Thermal paste application (Propulsion);X11-80;40634;Task;To Do;X11;X11;;X11;X11;[https://iceyedev.atlassian.net/wiki/spaces/SMS/pages/2249261449/ICEYE-SM-PCD-0198+Thermal+Paste+Application+Process+Description|https://iceyedev.atlassian.net/wiki/spaces/SMS/pages/2249261449/ICEYE-SM-PCD-0198+Thermal+Paste+Application+Process+Description|smart-link];;;;;;;;;;;;;;;;;40574;Propulsion;In Progress
Propulsion installation;X11-81;40635;Task;To Do;X11;X11;;X11;X11;[https://iceyedev.atlassian.net/wiki/spaces/SMS/pages/2251423983/ICEYE-SM-PCD-0182+Propulsion+installation+Procedure|https://iceyedev.atlassian.net/wiki/spaces/SMS/pages/2251423983/ICEYE-SM-PCD-0182+Propulsion+installation+Procedure|smart-link];;;;;;;;;;;;;;;;;40574;Propulsion;In Progress
SOLP HRDM Installation;X11-82;40636;Task;To Do;X11;X11;;X11;X11;[https://iceyedev.atlassian.net/wiki/spaces/SMS/pages/2251653196/ICEYE-SM-PCD-0190+SOLP+HRDM+Installation+Procedure|https://iceyedev.atlassian.net/wiki/spaces/SMS/pages/2251653196/ICEYE-SM-PCD-0190+SOLP+HRDM+Installation+Procedure|smart-link];;;;;;;;;;;;;;;;;40577;SOLP;To Do
C-bracket installation;X11-83;40637;Task;To Do;X11;X11;;X11;X11;[https://iceyedev.atlassian.net/wiki/spaces/SMS/pages/2243790119/ICEYE-SM-PCD-0144+C-Bracket+Installation+Procedure|https://iceyedev.atlassian.net/wiki/spaces/SMS/pages/2243790119/ICEYE-SM-PCD-0144+C-Bracket+Installation+Procedure|smart-link];;;;;;;;;;;;;;;;;40577;SOLP;In Progress
SOLP Insulation installation;X11-84;40638;Task;To Do;X11;X11;;X11;X11;[https://iceyedev.atlassian.net/wiki/spaces/SMS/pages/2251259908/ICEYE-SM-PCD-0169+Insulation+installation+Procedure|https://iceyedev.atlassian.net/wiki/spaces/SMS/pages/2251259908/ICEYE-SM-PCD-0169+Insulation+installation+Procedure|smart-link];;;;;;;;;;;;;;;;;40577;SOLP;To Do
SOLP Installation;X11-85;40639;Task;To Do;X11;X11;;X11;X11;[https://iceyedev.atlassian.net/wiki/spaces/SMS/pages/2249359843/ICEYE-SM-PCD-0191+SOLP+Installation+Procedure|https://iceyedev.atlassian.net/wiki/spaces/SMS/pages/2249359843/ICEYE-SM-PCD-0191+SOLP+Installation+Procedure|smart-link];;;;;;;;;;;;;;;;;40577;SOLP;To Do
Thermal paste application (OBC Small);X11-86;40640;Task;To Do;X11;X11;;X11;X11;[https://iceyedev.atlassian.net/wiki/spaces/SMS/pages/2249261449/ICEYE-SM-PCD-0198+Thermal+Paste+Application+Process+Description|https://iceyedev.atlassian.net/wiki/spaces/SMS/pages/2249261449/ICEYE-SM-PCD-0198+Thermal+Paste+Application+Process+Description|smart-link];;;;;;;;;;;;;;;;;40584;OBC Small;To Do
OBC Small installation;X11-87;40641;Task;To Do;X11;X11;;X11;X11;[https://iceyedev.atlassian.net/wiki/spaces/SMS/pages/2251423757/ICEYE-SM-PCD-0173+OBC+Small+installation+Procedure|https://iceyedev.atlassian.net/wiki/spaces/SMS/pages/2251423757/ICEYE-SM-PCD-0173+OBC+Small+installation+Procedure|smart-link];;;;;;;;;;;;;;;;;40584;OBC Small;To Do
Deployment Switches installation;X11-88;40642;Task;To Do;X11;X11;;X11;X11;[https://iceyedev.atlassian.net/wiki/spaces/SMS/pages/2245722192/ICEYE-SM-PCD-0155+Deployment+Switches+Installation+Procedure|https://iceyedev.atlassian.net/wiki/spaces/SMS/pages/2245722192/ICEYE-SM-PCD-0155+Deployment+Switches+Installation+Procedure|smart-link];;;;;;;;;;;;;;;;;40585;Deployment Switches;To Do
Payload HDRMS installation;X11-89;40643;Task;To Do;X11;X11;;X11;X11;[https://iceyedev.atlassian.net/wiki/spaces/SMS/pages/2251063546/ICEYE-SM-PCD-0178+Payload+HDRMS+installation+Procedure|https://iceyedev.atlassian.net/wiki/spaces/SMS/pages/2251063546/ICEYE-SM-PCD-0178+Payload+HDRMS+installation+Procedure|smart-link];;;;;;;;;;;;;;;;;40588;Close-up - MLI and Stow;To Do
System Level Check Group 4;X11-9;40563;Epic;To Do;X11;X11;26/09/2020 0.00;X11;X11;[https://iceyedev.atlassian.net/wiki/spaces/SMS/pages/1632600238/System+Level+Checks+-+Group+4+-+Battery+tests+and+Watchdog|https://iceyedev.atlassian.net/wiki/spaces/SMS/pages/1632600238/System+Level+Checks+-+Group+4+-+Battery+tests+and+Watchdog|smart-link] ;X11-16;;;;;;;;;;;;;;yellow;19/09/2020 0.00;;;To Do
Thermal paste application (Close-up);X11-90;40644;Task;To Do;X11;X11;;X11;X11;[https://iceyedev.atlassian.net/wiki/spaces/SMS/pages/2249261449/ICEYE-SM-PCD-0198+Thermal+Paste+Application+Process+Description|https://iceyedev.atlassian.net/wiki/spaces/SMS/pages/2249261449/ICEYE-SM-PCD-0198+Thermal+Paste+Application+Process+Description|smart-link];;;;;;;;;;;;;;;;;40588;Close-up - MLI and Stow;To Do
Side panels installation;X11-91;40645;Task;To Do;X11;X11;;X11;X11;[https://iceyedev.atlassian.net/wiki/spaces/SMS/pages/2251489605/ICEYE-SM-PCD-0188+Side+panels+installation+Procedure|https://iceyedev.atlassian.net/wiki/spaces/SMS/pages/2251489605/ICEYE-SM-PCD-0188+Side+panels+installation+Procedure|smart-link];;;;;;;;;;;;;;;;;40588;Close-up - MLI and Stow;To Do
MLI installation;X11-92;40646;Task;To Do;X11;X11;;X11;X11;[https://iceyedev.atlassian.net/wiki/spaces/SMS/pages/2251063305/ICEYE-SM-PCD-0171+MLI+installation+Procedure|https://iceyedev.atlassian.net/wiki/spaces/SMS/pages/2251063305/ICEYE-SM-PCD-0171+MLI+installation+Procedure|smart-link];;;;;;;;;;;;;;;;;40588;Close-up - MLI and Stow;To Do
HDRMS tightening;X11-93;40647;Task;To Do;X11;X11;;X11;X11;[https://iceyedev.atlassian.net/wiki/spaces/SMS/pages/2243791519/ICEYE-SM-PCD-0167+HDRMS+tightening+Procedure|https://iceyedev.atlassian.net/wiki/spaces/SMS/pages/2243791519/ICEYE-SM-PCD-0167+HDRMS+tightening+Procedure|smart-link];;;;;;;;;;;;;;;;;40588;Close-up - MLI and Stow;To Do
RWs installation;X11-94;40648;Task;To Do;X11;X11;;X11;X11;[https://iceyedev.atlassian.net/wiki/spaces/SMS/pages/2249392500/ICEYE-SM-PCD-0185+RWs+installation+Procedure|https://iceyedev.atlassian.net/wiki/spaces/SMS/pages/2249392500/ICEYE-SM-PCD-0185+RWs+installation+Procedure|smart-link];;;;;;;;;;;;;;;;;;;
TR installation;X11-95;40649;Task;To Do;X11;X11;;X11;X11;[https://iceyedev.atlassian.net/wiki/spaces/SMS/pages/2251555188/ICEYE-SM-PCD-0200+TR+installation+Procedure|https://iceyedev.atlassian.net/wiki/spaces/SMS/pages/2251555188/ICEYE-SM-PCD-0200+TR+installation+Procedure|smart-link];;;;;;;;;;;;;;;;;;;
Flexcore installation;X11-96;40650;Task;To Do;X11;X11;;X11;X11;[https://iceyedev.atlassian.net/wiki/spaces/SMS/pages/2245722199/ICEYE-SM-PCD-0158+Flexcore+Installation+Procedure|https://iceyedev.atlassian.net/wiki/spaces/SMS/pages/2245722199/ICEYE-SM-PCD-0158+Flexcore+Installation+Procedure|smart-link];;;;;;;;;;;;;;;;;;;
Sun Sensors installation;X11-97;40651;Task;To Do;X11;X11;;X11;X11;[https://iceyedev.atlassian.net/wiki/spaces/SMS/pages/2250932602/ICEYE-SM-PCD-0196+Sun+Sensors+installation+Procedure|https://iceyedev.atlassian.net/wiki/spaces/SMS/pages/2250932602/ICEYE-SM-PCD-0196+Sun+Sensors+installation+Procedure|smart-link];;;;;;;;;;;;;;;;;40581;ADCS;To Do
GPS Antenna installation;X11-98;40652;Task;To Do;X11;X11;;X11;X11;[https://iceyedev.atlassian.net/wiki/spaces/SMS/pages/2242873283/ICEYE-SM-PCD-0160+GPS+Antenna+installation+Procedure|https://iceyedev.atlassian.net/wiki/spaces/SMS/pages/2242873283/ICEYE-SM-PCD-0160+GPS+Antenna+installation+Procedure|smart-link];;;;;;;;;;;;;;;;;;;
Star trackers installation;X11-99;40653;Task;To Do;X11;X11;;X11;X11;[https://iceyedev.atlassian.net/wiki/spaces/SMS/pages/2249392516/ICEYE-SM-PCD-0195+Star+trackers+installation+Procedure|https://iceyedev.atlassian.net/wiki/spaces/SMS/pages/2249392516/ICEYE-SM-PCD-0195+Star+trackers+installation+Procedure|smart-link];;;;;;;;;;;;;;;;;;;
