Summary,Issue key,Issue id,Issue Type,Status,Project key,Project name,Project type,Project lead,Project lead id,Project description,Priority,Resolution,Assignee,Assignee Id,Reporter,Reporter Id,Creator,Creator Id,Created,Updated,Last Viewed,Resolved,Due date,Votes,Labels,Labels,Description,Environment,Watchers,Watchers,Watchers Id,Watchers Id,Original estimate,Remaining Estimate,Time Spent,Work Ratio,Σ Original Estimate,Σ Remaining Estimate,Σ Time Spent,Security Level,Outward issue link (Blocks),Outward issue link (Blocks),Outward issue link (Blocks),Outward issue link (Blocks),Outward issue link (Blocks),Outward issue link (Blocks),Outward issue link (Blocks),Outward issue link (Blocks),Outward issue link (Blocks),Outward issue link (Blocks),Outward issue link (Blocks),Outward issue link (Blocks),Outward issue link (Blocks),Outward issue link (Blocks),Outward issue link (Relates),Attachment,Attachment,Attachment,Attachment,Attachment,Attachment,Attachment,Attachment,Attachment,Attachment,Attachment,Attachment,Attachment,Attachment,Attachment,Attachment,Attachment,Attachment,Attachment,Attachment,Attachment,Attachment,Attachment,Attachment,Attachment,Attachment,Attachment,Attachment,Attachment,Attachment,Attachment,Attachment,Attachment,Attachment,Custom field (Development),Custom field (Issue color),Custom field (Rank),Custom field (Start date),Custom field (Story point estimate),Comment,Parent,Parent summary,Status Category
Installation of Umbilical,X11-108,63309,Task,To Do,X11,X11,software,Arttu Tiainen,5f3a7facfdc3f5003f9cb843,,Medium,,Arttu Tiainen,5f3a7facfdc3f5003f9cb843,Thomas Prieux,557058:698b26a1-70ef-4707-8149-973ae57b5e86,Thomas Prieux,557058:698b26a1-70ef-4707-8149-973ae57b5e86,26/Apr/21 18:30,26/Apr/21 18:30,30/Jun/21 16:25,,,0,,,,,Thomas Prieux,,557058:698b26a1-70ef-4707-8149-973ae57b5e86,,,,,,,,,,,,,,,,,,,,,,,,,,,,,,,,,,,,,,,,,,,,,,,,,,,,,,,,,,,{},purple,0|i07oph:,,,,40569,Harness 2,To Do
Kicker spring Instalation,X11-107,63306,Task,To Do,X11,X11,software,Arttu Tiainen,5f3a7facfdc3f5003f9cb843,,Medium,,Arttu Tiainen,5f3a7facfdc3f5003f9cb843,Thomas Prieux,557058:698b26a1-70ef-4707-8149-973ae57b5e86,Thomas Prieux,557058:698b26a1-70ef-4707-8149-973ae57b5e86,26/Apr/21 18:28,26/Apr/21 18:28,30/Jun/21 16:25,,,0,,,,,Thomas Prieux,,557058:698b26a1-70ef-4707-8149-973ae57b5e86,,,,,,,,,,,,,,,,,,,,,,,,,,,,,,,,,,,,,,,,,,,,,,,,,,,,,,,,,,,{},purple,0|i07oot:,,,,40568,Payload,To Do
Add CAN Termination,X11-106,63303,Task,To Do,X11,X11,software,Arttu Tiainen,5f3a7facfdc3f5003f9cb843,,Medium,,Arttu Tiainen,5f3a7facfdc3f5003f9cb843,Thomas Prieux,557058:698b26a1-70ef-4707-8149-973ae57b5e86,Thomas Prieux,557058:698b26a1-70ef-4707-8149-973ae57b5e86,26/Apr/21 18:23,26/Apr/21 18:23,30/Jun/21 16:25,,,0,,,,,Thomas Prieux,,557058:698b26a1-70ef-4707-8149-973ae57b5e86,,,,,,,,,,,,,,,,,,,,,,,,,,,,,,,,,,,,,,,,,,,,,,,,,,,,,,,,,,,{},purple,0|i07oo5:,,,,40568,Payload,To Do
Add Thermal Sensors on Satellite,X11-105,63301,Task,To be Verified,X11,X11,software,Arttu Tiainen,5f3a7facfdc3f5003f9cb843,,Medium,,Thomas Prieux,557058:698b26a1-70ef-4707-8149-973ae57b5e86,Thomas Prieux,557058:698b26a1-70ef-4707-8149-973ae57b5e86,Thomas Prieux,557058:698b26a1-70ef-4707-8149-973ae57b5e86,26/Apr/21 18:19,01/May/21 10:06,30/Jun/21 16:25,,,0,,,[https://iceyedev.atlassian.net/wiki/spaces/SMS/pages/2900951568/ICEYE-SM-SPC-0262+X11+Thermal+Sensor+Locations|https://iceyedev.atlassian.net/wiki/spaces/SMS/pages/2900951568/ICEYE-SM-SPC-0262+X11+Thermal+Sensor+Locations|smart-link] ,,Arttu Tiainen,Thomas Prieux,5f3a7facfdc3f5003f9cb843,557058:698b26a1-70ef-4707-8149-973ae57b5e86,,,,,,,,,,,,,,,,,,,,,,,,30/Apr/21 19:48;thomas.prieux;Photo 2021-04-30 19_48_39.jpg;https://iceyedev.atlassian.net/secure/attachment/42115/Photo+2021-04-30+19_48_39.jpg,30/Apr/21 19:49;thomas.prieux;Photo 2021-04-30 19_49_26.jpg;https://iceyedev.atlassian.net/secure/attachment/42116/Photo+2021-04-30+19_49_26.jpg,30/Apr/21 19:49;thomas.prieux;Photo 2021-04-30 19_49_40.jpg;https://iceyedev.atlassian.net/secure/attachment/42117/Photo+2021-04-30+19_49_40.jpg,30/Apr/21 19:50;thomas.prieux;Photo 2021-04-30 19_49_59.jpg;https://iceyedev.atlassian.net/secure/attachment/42118/Photo+2021-04-30+19_49_59.jpg,30/Apr/21 19:50;thomas.prieux;Photo 2021-04-30 19_50_09.jpg;https://iceyedev.atlassian.net/secure/attachment/42119/Photo+2021-04-30+19_50_09.jpg,30/Apr/21 19:50;thomas.prieux;Photo 2021-04-30 19_50_18.jpg;https://iceyedev.atlassian.net/secure/attachment/42120/Photo+2021-04-30+19_50_18.jpg,30/Apr/21 19:50;thomas.prieux;Photo 2021-04-30 19_50_33.jpg;https://iceyedev.atlassian.net/secure/attachment/42121/Photo+2021-04-30+19_50_33.jpg,30/Apr/21 19:50;thomas.prieux;Photo 2021-04-30 19_50_44.jpg;https://iceyedev.atlassian.net/secure/attachment/42122/Photo+2021-04-30+19_50_44.jpg,30/Apr/21 19:50;thomas.prieux;Photo 2021-04-30 19_50_53.jpg;https://iceyedev.atlassian.net/secure/attachment/42123/Photo+2021-04-30+19_50_53.jpg,30/Apr/21 19:51;thomas.prieux;Photo 2021-04-30 19_51_12.jpg;https://iceyedev.atlassian.net/secure/attachment/42124/Photo+2021-04-30+19_51_12.jpg,30/Apr/21 19:51;thomas.prieux;Photo 2021-04-30 19_51_26.jpg;https://iceyedev.atlassian.net/secure/attachment/42125/Photo+2021-04-30+19_51_26.jpg,30/Apr/21 19:51;thomas.prieux;Photo 2021-04-30 19_51_39.jpg;https://iceyedev.atlassian.net/secure/attachment/42126/Photo+2021-04-30+19_51_39.jpg,30/Apr/21 19:51;thomas.prieux;Photo 2021-04-30 19_51_47.jpg;https://iceyedev.atlassian.net/secure/attachment/42127/Photo+2021-04-30+19_51_47.jpg,,,,,,,,,,,,,,,,,,,,,,{},purple,0|i07onp:,,,01/May/21 10:06;5f3a7facfdc3f5003f9cb843;Thanks [~accountid:557058:698b26a1-70ef-4707-8149-973ae57b5e86] \! That was a Herculean task you did there\!,40557,PCMA,In Progress
Add Termination on the BUS,X11-104,63298,Task,To Do,X11,X11,software,Arttu Tiainen,5f3a7facfdc3f5003f9cb843,,Medium,,Arttu Tiainen,5f3a7facfdc3f5003f9cb843,Thomas Prieux,557058:698b26a1-70ef-4707-8149-973ae57b5e86,Thomas Prieux,557058:698b26a1-70ef-4707-8149-973ae57b5e86,26/Apr/21 18:11,26/Apr/21 18:12,30/Jun/21 16:25,,,0,,,,,Thomas Prieux,,557058:698b26a1-70ef-4707-8149-973ae57b5e86,,,,,,,,,,,,,,,,,,,,,,,,,,,,,,,,,,,,,,,,,,,,,,,,,,,,,,,,,,,{},purple,0|i07on1:,,,,40574,Propulsion,To Do
CDRL Installation,X11-100,40681,Epic,To Do,X11,X11,software,Arttu Tiainen,5f3a7facfdc3f5003f9cb843,,Medium,,,,Arttu Tiainen,5f3a7facfdc3f5003f9cb843,Arttu Tiainen,5f3a7facfdc3f5003f9cb843,14/Nov/20 16:24,16/Nov/20 12:07,30/Jun/21 16:25,,14/Nov/20 00:00,0,X11,,,,Arttu Tiainen,,5f3a7facfdc3f5003f9cb843,,,,,,,,,,,,,,,,,,,,,,,,,,,,,,,,,,,,,,,,,,,,,,,,,,,,,,,,,,,{},purple,0|i03lnx:,04/Nov/20 00:00,,,,,To Do
Star trackers installation,X11-99,40653,Task,To be Verified,X11,X11,software,Arttu Tiainen,5f3a7facfdc3f5003f9cb843,,Medium,,Thomas Prieux,557058:698b26a1-70ef-4707-8149-973ae57b5e86,Admin Matias Arranz Garcia,5efcbe34c796b50bb2f5855f,Admin Matias Arranz Garcia,5efcbe34c796b50bb2f5855f,13/Nov/20 16:26,30/Apr/21 19:43,30/Jun/21 16:25,,,0,X11,,"[https://iceyedev.atlassian.net/wiki/spaces/SMS/pages/2249392516/ICEYE-SM-PCD-0195+Star+trackers+installation+Procedure|https://iceyedev.atlassian.net/wiki/spaces/SMS/pages/2249392516/ICEYE-SM-PCD-0195+Star+trackers+installation+Procedure|smart-link]

Thermal paste was added on Both NST. 
Screws were Torqued",,Admin Matias Arranz Garcia,,5efcbe34c796b50bb2f5855f,,,,,,,,,,,,,,,,,,,,,,,,,,,,,,,,,,,,,,,,,,,,,,,,,,,,,,,,,,,{},,0|i03lhx:,,,,40581,ADCS,In Progress
GPS Antenna installation,X11-98,40652,Task,To be Verified,X11,X11,software,Arttu Tiainen,5f3a7facfdc3f5003f9cb843,,Medium,,Thomas Prieux,557058:698b26a1-70ef-4707-8149-973ae57b5e86,Admin Matias Arranz Garcia,5efcbe34c796b50bb2f5855f,Admin Matias Arranz Garcia,5efcbe34c796b50bb2f5855f,13/Nov/20 16:26,30/Apr/21 19:42,30/Jun/21 16:25,,,0,X11,,"[https://iceyedev.atlassian.net/wiki/spaces/SMS/pages/2242873283/ICEYE-SM-PCD-0160+GPS+Antenna+installation+Procedure|https://iceyedev.atlassian.net/wiki/spaces/SMS/pages/2242873283/ICEYE-SM-PCD-0160+GPS+Antenna+installation+Procedure|smart-link]

Because the BUS was does not have stand offs, we used stand offs M2.5 x 6mm.
GPS was not grounded",,Admin Matias Arranz Garcia,,5efcbe34c796b50bb2f5855f,,,,,,,,,,,,,,,,,,,,,,,,,,,,,,,,,,,,,,,,,,,,,,,,,,,,,,,,,,,{},,0|i03lhp:,,,,40581,ADCS,In Progress
Sun Sensors installation,X11-97,40651,Task,To Do,X11,X11,software,Arttu Tiainen,5f3a7facfdc3f5003f9cb843,,Medium,,,,Admin Matias Arranz Garcia,5efcbe34c796b50bb2f5855f,Admin Matias Arranz Garcia,5efcbe34c796b50bb2f5855f,13/Nov/20 16:26,16/Nov/20 12:07,30/Jun/21 16:25,,,0,X11,,[https://iceyedev.atlassian.net/wiki/spaces/SMS/pages/2250932602/ICEYE-SM-PCD-0196+Sun+Sensors+installation+Procedure|https://iceyedev.atlassian.net/wiki/spaces/SMS/pages/2250932602/ICEYE-SM-PCD-0196+Sun+Sensors+installation+Procedure|smart-link],,Admin Matias Arranz Garcia,,5efcbe34c796b50bb2f5855f,,,,,,,,,,,,,,,,,,,,,,,,,,,,,,,,,,,,,,,,,,,,,,,,,,,,,,,,,,,{},,0|i03lhh:,,,,40581,ADCS,To Do
Flexcore installation,X11-96,40650,Task,To be Verified,X11,X11,software,Arttu Tiainen,5f3a7facfdc3f5003f9cb843,,Medium,,Thomas Prieux,557058:698b26a1-70ef-4707-8149-973ae57b5e86,Admin Matias Arranz Garcia,5efcbe34c796b50bb2f5855f,Admin Matias Arranz Garcia,5efcbe34c796b50bb2f5855f,13/Nov/20 16:26,30/Apr/21 19:40,30/Jun/21 16:25,,,0,X11,,"[https://iceyedev.atlassian.net/wiki/spaces/SMS/pages/2245722199/ICEYE-SM-PCD-0158+Flexcore+Installation+Procedure|https://iceyedev.atlassian.net/wiki/spaces/SMS/pages/2245722199/ICEYE-SM-PCD-0158+Flexcore+Installation+Procedure|smart-link]

Again not Thermal Paste was not used.
Screws were Torqued",,Admin Matias Arranz Garcia,,5efcbe34c796b50bb2f5855f,,,,,,,,,,,,,,,,,,,,,,,,,,,,,,,,,,,,,,,,,,,,,,,,,,,,,,,,,,,{},,0|i03lh9:,,,,40581,ADCS,In Progress
TR installation,X11-95,40649,Task,To be Verified,X11,X11,software,Arttu Tiainen,5f3a7facfdc3f5003f9cb843,,Medium,,Thomas Prieux,557058:698b26a1-70ef-4707-8149-973ae57b5e86,Admin Matias Arranz Garcia,5efcbe34c796b50bb2f5855f,Admin Matias Arranz Garcia,5efcbe34c796b50bb2f5855f,13/Nov/20 16:26,30/Apr/21 19:35,30/Jun/21 16:25,,,0,X11,,"[https://iceyedev.atlassian.net/wiki/spaces/SMS/pages/2251555188/ICEYE-SM-PCD-0200+TR+installation+Procedure|https://iceyedev.atlassian.net/wiki/spaces/SMS/pages/2251555188/ICEYE-SM-PCD-0200+TR+installation+Procedure|smart-link]

* Thermal paste was not added as it would not be needed on something that does not heat up.
* Screws Torqued",,Admin Matias Arranz Garcia,,5efcbe34c796b50bb2f5855f,,,,,,,,,,,,,,,,,,,,,,,,,,,,,,,,,,,,,,,,,,,,,,,,,,,,,,,,,,,{},,0|i03lh1:,,,,40581,ADCS,In Progress
RWs installation,X11-94,40648,Task,To be Verified,X11,X11,software,Arttu Tiainen,5f3a7facfdc3f5003f9cb843,,Medium,,Thomas Prieux,557058:698b26a1-70ef-4707-8149-973ae57b5e86,Admin Matias Arranz Garcia,5efcbe34c796b50bb2f5855f,Admin Matias Arranz Garcia,5efcbe34c796b50bb2f5855f,13/Nov/20 16:26,30/Apr/21 19:31,30/Jun/21 16:25,,,0,X11,,"[https://iceyedev.atlassian.net/wiki/spaces/SMS/pages/2249392500/ICEYE-SM-PCD-0185+RWs+installation+Procedure|https://iceyedev.atlassian.net/wiki/spaces/SMS/pages/2249392500/ICEYE-SM-PCD-0185+RWs+installation+Procedure|smart-link]

h1. 1. Introduction

h2. 1.2 Applicable Documents

AD-1: [https://iceyedev.atlassian.net/wiki/spaces/SMS/pages/2088566900/ICEYE-SM-PCD-0043+Clean+Room+Safety+Guide|https://iceyedev.atlassian.net/wiki/spaces/SMS/pages/2088566900/ICEYE-SM-PCD-0043+Clean+Room+Safety+Guide|smart-link]

AD-2: [Connector Torquing Instructions|https://iceye.app.box.com/file/646222988056]

AD-3: [GREY ARALDITE GLUING PROCEDURE|https://iceye.app.box.com/file/280836239644]

AD-4: [ICEYE-SM-PCD-0222Thermal paste mixing and application procedure|https://iceye.app.box.com/file/748162268751]

h2. 1.3 Reference Documents

RD-1: BCT MICD, RW p500 (\\nas\\ait\\1000. Datasheets\\10. Components)

h2. 1.4 General Instructions

Any deviation from this procedure shall result in a Non-Conformance being recorded.

h1. 2. Procedure

* Collect assembled Backplate and inspected and inventoried parts: RW bracket, 3x Reaction Wheels.
* Get 4x M4x40 Socket Cap bolts with nuts for RW to the bracket.
* Get 4x M5x12 Socket Cap bolts for RW bracket
* Get 8x M4x36 Socket Cap bolts for RW to the Backplate and Upper Shelf
* Take photograph pictures at every step so the components that are difficult or impossible to inspect after assembly could be identified and confirmed as assembled properly later. Save pictures in dedicated folders on NAS drive.
* One Reaction Wheel should be mounter directly on the Back plate with 4x M4x36 Socket Cap bolts, and torqued with 2,3 Nm.
* RW Bracket with Reaction Wheel goes on the marked area in the picture below. Opening for the cable connection should face the Top Frame_-Z part.
* Apply Thermal paste on all mounting contact surfaces (see AD-4).
_There is not need for that._ 
* Bracket mounted with 4x M5x12 Socket Cap bolts and torqued with 4,6 Nm.
_Done_
*  Reaction Wheel mounted on the bracket with 4x M4x40 Socket Cap bolts with nuts, and torqued with 2,3 Nm.
_Done_
* One Reaction Wheel should be mounted on the Upper Shelf, marked area in the picture below.

* 4x M4x36 Socket Cap bolts should be used to mount RW with torque of 4,6 Nm.
_Done_
* Glue the bolts and nuts (see AD-3)

h1. 3. Key Inspection Points

* Parts are clean
* All used parts have unique inventory sticker and inspection sticker.
* All connection points were used (bolts in the right holes).
* Parts are placed like in the example picture.
* Right size and length of bolts were used.
* Correct torque value were used.
* All bolts and nuts glued.
* Pictures saved in dedicated folders on NAS drive.

h1. 4. Finish

* All [AIVL-cards |https://iceyedev.atlassian.net/wiki/spaces/BDS/pages/1413251124/832306116+Singapore+STEE+DDL+IC28+Refresh]linked to the appropriate satellite Epic.
* All [NCR’s |https://iceyedev.atlassian.net/secure/RapidBoard.jspa?rapidView=64]recorded and linked to the AIVL-cards and the Satellite AIV-project task.
* All time spent logged to the Satellite AIV -Jira-project.
* All Satellite AIV -Jira-project tasks marked complete.",,Admin Matias Arranz Garcia,,5efcbe34c796b50bb2f5855f,,,,,,,,,,,,,,,,,,,,,,,,,,,,,,,,,,,,,,,,,,,,,,,,,,,,,,,,,,,{},,0|i03lgt:,,,,40581,ADCS,In Progress
HDRMS tightening,X11-93,40647,Task,To Do,X11,X11,software,Arttu Tiainen,5f3a7facfdc3f5003f9cb843,,Medium,,,,Admin Matias Arranz Garcia,5efcbe34c796b50bb2f5855f,Admin Matias Arranz Garcia,5efcbe34c796b50bb2f5855f,13/Nov/20 16:26,16/Nov/20 12:07,30/Jun/21 16:25,,,0,X11,,[https://iceyedev.atlassian.net/wiki/spaces/SMS/pages/2243791519/ICEYE-SM-PCD-0167+HDRMS+tightening+Procedure|https://iceyedev.atlassian.net/wiki/spaces/SMS/pages/2243791519/ICEYE-SM-PCD-0167+HDRMS+tightening+Procedure|smart-link],,Admin Matias Arranz Garcia,,5efcbe34c796b50bb2f5855f,,,,,,,,,,,,,,,,,,,,,,,,,,,,,,,,,,,,,,,,,,,,,,,,,,,,,,,,,,,{},,0|i03lgl:,,,,40588,Close-up - MLI and Stow,To Do
MLI installation,X11-92,40646,Task,To Do,X11,X11,software,Arttu Tiainen,5f3a7facfdc3f5003f9cb843,,Medium,,,,Admin Matias Arranz Garcia,5efcbe34c796b50bb2f5855f,Admin Matias Arranz Garcia,5efcbe34c796b50bb2f5855f,13/Nov/20 16:26,29/Mar/21 19:10,30/Jun/21 16:25,,,0,X11,,[https://iceyedev.atlassian.net/wiki/spaces/SMS/pages/2251063305/ICEYE-SM-PCD-0171+MLI+installation+Procedure|https://iceyedev.atlassian.net/wiki/spaces/SMS/pages/2251063305/ICEYE-SM-PCD-0171+MLI+installation+Procedure|smart-link],,Admin Matias Arranz Garcia,,5efcbe34c796b50bb2f5855f,,,,,,,,,,,,,,,,,,,,,,,,,,,,,,,,,,,,,,,,,,,,,,,,,,,,,,,,,,,{},,0|i03lgd:,,,,40588,Close-up - MLI and Stow,To Do
Side panels installation,X11-91,40645,Task,To Do,X11,X11,software,Arttu Tiainen,5f3a7facfdc3f5003f9cb843,,Medium,,,,Admin Matias Arranz Garcia,5efcbe34c796b50bb2f5855f,Admin Matias Arranz Garcia,5efcbe34c796b50bb2f5855f,13/Nov/20 16:26,16/Nov/20 12:07,30/Jun/21 16:25,,,0,X11,,[https://iceyedev.atlassian.net/wiki/spaces/SMS/pages/2251489605/ICEYE-SM-PCD-0188+Side+panels+installation+Procedure|https://iceyedev.atlassian.net/wiki/spaces/SMS/pages/2251489605/ICEYE-SM-PCD-0188+Side+panels+installation+Procedure|smart-link],,Admin Matias Arranz Garcia,,5efcbe34c796b50bb2f5855f,,,,,,,,,,,,,,,,,,,,,,,,,,,,,,,,,,,,,,,,,,,,,,,,,,,,,,,,,,,{},,0|i03lg5:,,,,40588,Close-up - MLI and Stow,To Do
Thermal paste application (Close-up),X11-90,40644,Task,To Do,X11,X11,software,Arttu Tiainen,5f3a7facfdc3f5003f9cb843,,Medium,,,,Admin Matias Arranz Garcia,5efcbe34c796b50bb2f5855f,Admin Matias Arranz Garcia,5efcbe34c796b50bb2f5855f,13/Nov/20 16:26,16/Nov/20 12:07,30/Jun/21 16:25,,,0,X11,,[https://iceyedev.atlassian.net/wiki/spaces/SMS/pages/2249261449/ICEYE-SM-PCD-0198+Thermal+Paste+Application+Process+Description|https://iceyedev.atlassian.net/wiki/spaces/SMS/pages/2249261449/ICEYE-SM-PCD-0198+Thermal+Paste+Application+Process+Description|smart-link],,Admin Matias Arranz Garcia,,5efcbe34c796b50bb2f5855f,,,,,,,,,,,,,,,,,,,,,,,,,,,,,,,,,,,,,,,,,,,,,,,,,,,,,,,,,,,{},,0|i03lfx:,,,,40588,Close-up - MLI and Stow,To Do
Payload HDRMS installation,X11-89,40643,Task,To Do,X11,X11,software,Arttu Tiainen,5f3a7facfdc3f5003f9cb843,,Medium,,,,Admin Matias Arranz Garcia,5efcbe34c796b50bb2f5855f,Admin Matias Arranz Garcia,5efcbe34c796b50bb2f5855f,13/Nov/20 16:26,16/Nov/20 12:07,30/Jun/21 16:25,,,0,X11,,[https://iceyedev.atlassian.net/wiki/spaces/SMS/pages/2251063546/ICEYE-SM-PCD-0178+Payload+HDRMS+installation+Procedure|https://iceyedev.atlassian.net/wiki/spaces/SMS/pages/2251063546/ICEYE-SM-PCD-0178+Payload+HDRMS+installation+Procedure|smart-link],,Admin Matias Arranz Garcia,,5efcbe34c796b50bb2f5855f,,,,,,,,,,,,,,,,,,,,,,,,,,,,,,,,,,,,,,,,,,,,,,,,,,,,,,,,,,,{},,0|i03lfp:,,,,40588,Close-up - MLI and Stow,To Do
Deployment Switches installation,X11-88,40642,Task,To Do,X11,X11,software,Arttu Tiainen,5f3a7facfdc3f5003f9cb843,,Medium,,,,Admin Matias Arranz Garcia,5efcbe34c796b50bb2f5855f,Admin Matias Arranz Garcia,5efcbe34c796b50bb2f5855f,13/Nov/20 16:26,16/Nov/20 12:07,30/Jun/21 16:25,,,0,X11,,[https://iceyedev.atlassian.net/wiki/spaces/SMS/pages/2245722192/ICEYE-SM-PCD-0155+Deployment+Switches+Installation+Procedure|https://iceyedev.atlassian.net/wiki/spaces/SMS/pages/2245722192/ICEYE-SM-PCD-0155+Deployment+Switches+Installation+Procedure|smart-link],,Admin Matias Arranz Garcia,,5efcbe34c796b50bb2f5855f,,,,,,,,,,,,,,,,,,,,,,,,,,,,,,,,,,,,,,,,,,,,,,,,,,,,,,,,,,,{},,0|i03lfh:,,,,40585,Deployment Switches,To Do
OBC Small installation,X11-87,40641,Task,To Do,X11,X11,software,Arttu Tiainen,5f3a7facfdc3f5003f9cb843,,Medium,,Sergei Ossif,557058:dceaad8e-9678-46c5-9a0b-a40a0e26e381,Admin Matias Arranz Garcia,5efcbe34c796b50bb2f5855f,Admin Matias Arranz Garcia,5efcbe34c796b50bb2f5855f,13/Nov/20 16:26,25/Apr/21 15:03,30/Jun/21 16:25,,,0,X11,,[https://iceyedev.atlassian.net/wiki/spaces/SMS/pages/2251423757/ICEYE-SM-PCD-0173+OBC+Small+installation+Procedure|https://iceyedev.atlassian.net/wiki/spaces/SMS/pages/2251423757/ICEYE-SM-PCD-0173+OBC+Small+installation+Procedure|smart-link],,Admin Matias Arranz Garcia,,5efcbe34c796b50bb2f5855f,,,,,,,,,,,,,,,,,,,,,,,,,,,,,,,,,,,,,,,,,,,,,,,,,,,,,,,,,,,{},,0|i03lf9:,,,,40584,OBC Small,To Do
Thermal paste application (OBC Small),X11-86,40640,Task,To Do,X11,X11,software,Arttu Tiainen,5f3a7facfdc3f5003f9cb843,,Medium,,,,Admin Matias Arranz Garcia,5efcbe34c796b50bb2f5855f,Admin Matias Arranz Garcia,5efcbe34c796b50bb2f5855f,13/Nov/20 16:26,16/Nov/20 12:07,30/Jun/21 16:25,,,0,X11,,[https://iceyedev.atlassian.net/wiki/spaces/SMS/pages/2249261449/ICEYE-SM-PCD-0198+Thermal+Paste+Application+Process+Description|https://iceyedev.atlassian.net/wiki/spaces/SMS/pages/2249261449/ICEYE-SM-PCD-0198+Thermal+Paste+Application+Process+Description|smart-link],,Admin Matias Arranz Garcia,,5efcbe34c796b50bb2f5855f,,,,,,,,,,,,,,,,,,,,,,,,,,,,,,,,,,,,,,,,,,,,,,,,,,,,,,,,,,,{},,0|i03lf1:,,,,40584,OBC Small,To Do
SOLP Installation,X11-85,40639,Task,To Do,X11,X11,software,Arttu Tiainen,5f3a7facfdc3f5003f9cb843,,Medium,,,,Admin Matias Arranz Garcia,5efcbe34c796b50bb2f5855f,Admin Matias Arranz Garcia,5efcbe34c796b50bb2f5855f,13/Nov/20 16:26,16/Nov/20 12:08,30/Jun/21 16:25,,,0,X11,,[https://iceyedev.atlassian.net/wiki/spaces/SMS/pages/2249359843/ICEYE-SM-PCD-0191+SOLP+Installation+Procedure|https://iceyedev.atlassian.net/wiki/spaces/SMS/pages/2249359843/ICEYE-SM-PCD-0191+SOLP+Installation+Procedure|smart-link],,Admin Matias Arranz Garcia,,5efcbe34c796b50bb2f5855f,,,,,,,,,,,,,,,,,,,,,,,,,,,,,,,,,,,,,,,,,,,,,,,,,,,,,,,,,,,{},,0|i03let:,,,,40577,SOLP,To Do
SOLP Insulation installation,X11-84,40638,Task,To Do,X11,X11,software,Arttu Tiainen,5f3a7facfdc3f5003f9cb843,,Medium,,,,Admin Matias Arranz Garcia,5efcbe34c796b50bb2f5855f,Admin Matias Arranz Garcia,5efcbe34c796b50bb2f5855f,13/Nov/20 16:26,10/Dec/20 10:17,30/Jun/21 16:25,,,0,X11,,[https://iceyedev.atlassian.net/wiki/spaces/SMS/pages/2251259908/ICEYE-SM-PCD-0169+Insulation+installation+Procedure|https://iceyedev.atlassian.net/wiki/spaces/SMS/pages/2251259908/ICEYE-SM-PCD-0169+Insulation+installation+Procedure|smart-link],,Admin Matias Arranz Garcia,,5efcbe34c796b50bb2f5855f,,,,,,,,,,,,,,,,,,,,,,,,,,,,,,,,,,,,,,,,,,,,,,,,,,,,,,,,,,,{},,0|i03lel:,,,,40577,SOLP,To Do
C-bracket installation,X11-83,40637,Task,To be Verified,X11,X11,software,Arttu Tiainen,5f3a7facfdc3f5003f9cb843,,Medium,,Arno Alho,5c2c744e63d3584fe075e694,Admin Matias Arranz Garcia,5efcbe34c796b50bb2f5855f,Admin Matias Arranz Garcia,5efcbe34c796b50bb2f5855f,13/Nov/20 16:26,21/Mar/21 11:37,30/Jun/21 16:25,,,0,X11,,[https://iceyedev.atlassian.net/wiki/spaces/SMS/pages/2243790119/ICEYE-SM-PCD-0144+C-Bracket+Installation+Procedure|https://iceyedev.atlassian.net/wiki/spaces/SMS/pages/2243790119/ICEYE-SM-PCD-0144+C-Bracket+Installation+Procedure|smart-link],,Admin Matias Arranz Garcia,,5efcbe34c796b50bb2f5855f,,,,,,,,,,,,,,,,,,,,,,,,,,,,,,,,,,,,,,,,,,,,,,,,,,,,,,,,,,,{},,0|i03led:,,,,40577,SOLP,In Progress
SOLP HRDM Installation,X11-82,40636,Task,To Do,X11,X11,software,Arttu Tiainen,5f3a7facfdc3f5003f9cb843,,Medium,,,,Admin Matias Arranz Garcia,5efcbe34c796b50bb2f5855f,Admin Matias Arranz Garcia,5efcbe34c796b50bb2f5855f,13/Nov/20 16:26,26/Apr/21 18:07,30/Jun/21 16:25,,,0,X11,,[https://iceyedev.atlassian.net/wiki/spaces/SMS/pages/2251653196/ICEYE-SM-PCD-0190+SOLP+HRDM+Installation+Procedure|https://iceyedev.atlassian.net/wiki/spaces/SMS/pages/2251653196/ICEYE-SM-PCD-0190+SOLP+HRDM+Installation+Procedure|smart-link],,Admin Matias Arranz Garcia,,5efcbe34c796b50bb2f5855f,,,,,,,,,,,,,,,,,,,,,,,,,,,,,,,,,,,,,,,,,,,,,,,,,,,,,,,,,,,{},,0|i03le5:,,,,40577,SOLP,To Do
Propulsion installation,X11-81,40635,Task,In Progress,X11,X11,software,Arttu Tiainen,5f3a7facfdc3f5003f9cb843,,Medium,,Sergei Ossif,557058:dceaad8e-9678-46c5-9a0b-a40a0e26e381,Admin Matias Arranz Garcia,5efcbe34c796b50bb2f5855f,Admin Matias Arranz Garcia,5efcbe34c796b50bb2f5855f,13/Nov/20 16:26,26/Apr/21 18:15,30/Jun/21 16:25,,,0,X11,,[https://iceyedev.atlassian.net/wiki/spaces/SMS/pages/2251423983/ICEYE-SM-PCD-0182+Propulsion+installation+Procedure|https://iceyedev.atlassian.net/wiki/spaces/SMS/pages/2251423983/ICEYE-SM-PCD-0182+Propulsion+installation+Procedure|smart-link],,Admin Matias Arranz Garcia,,5efcbe34c796b50bb2f5855f,,,,,,,,,,,,,,,,,,,,,,,,,,,,,,,,,,,,,,,,,,,,,,,,,,,,,,,,,,,{},,0|i03ldx:,,,,40574,Propulsion,In Progress
Thermal paste application (Propulsion),X11-80,40634,Task,In Progress,X11,X11,software,Arttu Tiainen,5f3a7facfdc3f5003f9cb843,,Medium,,Sergei Ossif,557058:dceaad8e-9678-46c5-9a0b-a40a0e26e381,Admin Matias Arranz Garcia,5efcbe34c796b50bb2f5855f,Admin Matias Arranz Garcia,5efcbe34c796b50bb2f5855f,13/Nov/20 16:26,25/Apr/21 12:46,30/Jun/21 16:25,,,0,X11,,[https://iceyedev.atlassian.net/wiki/spaces/SMS/pages/2249261449/ICEYE-SM-PCD-0198+Thermal+Paste+Application+Process+Description|https://iceyedev.atlassian.net/wiki/spaces/SMS/pages/2249261449/ICEYE-SM-PCD-0198+Thermal+Paste+Application+Process+Description|smart-link],,Admin Matias Arranz Garcia,,5efcbe34c796b50bb2f5855f,,,,,,,,,,,,,,,,,,,,,,,,,,,,,,,,,,,,,,,,,,,,,,,,,,,,,,,,,,,{},,0|i03ldp:,,,,40574,Propulsion,In Progress
Support Frames Installation,X11-79,40633,Task,To Do,X11,X11,software,Arttu Tiainen,5f3a7facfdc3f5003f9cb843,,Medium,,,,Admin Matias Arranz Garcia,5efcbe34c796b50bb2f5855f,Admin Matias Arranz Garcia,5efcbe34c796b50bb2f5855f,13/Nov/20 16:26,16/Nov/20 12:08,30/Jun/21 16:25,,,0,X11,,[https://iceyedev.atlassian.net/wiki/spaces/SMS/pages/2251489634/ICEYE-SM-PCD-0197+Support+Frames+Installation+Procedure|https://iceyedev.atlassian.net/wiki/spaces/SMS/pages/2251489634/ICEYE-SM-PCD-0197+Support+Frames+Installation+Procedure|smart-link],,Admin Matias Arranz Garcia,,5efcbe34c796b50bb2f5855f,,,,,,,,,,,,,,,,,,,,,,,,,,,,,,,,,,,,,,,,,,,,,,,,,,,,,,,,,,,{},,0|i03ldh:,,,,40574,Propulsion,To Do
CDR Shields installation,X11-78,40632,Task,To Do,X11,X11,software,Arttu Tiainen,5f3a7facfdc3f5003f9cb843,,Medium,,,,Admin Matias Arranz Garcia,5efcbe34c796b50bb2f5855f,Admin Matias Arranz Garcia,5efcbe34c796b50bb2f5855f,13/Nov/20 16:26,26/Apr/21 18:25,30/Jun/21 16:25,,,0,X11,,[https://iceyedev.atlassian.net/wiki/spaces/SMS/pages/2242872677/ICEYE-SM-PCD-0146+CDR+Shields+Installation+Procedure|https://iceyedev.atlassian.net/wiki/spaces/SMS/pages/2242872677/ICEYE-SM-PCD-0146+CDR+Shields+Installation+Procedure|smart-link],,Admin Matias Arranz Garcia,,5efcbe34c796b50bb2f5855f,,,,,,,,,,,,,,,,,,,,,,,,,,,,,,,,,,,,,,,,,,,,,,,,,,,,,,,,,,,{},,0|i03ld9:,,,,40568,Payload,To Do
RANT installation,X11-77,40631,Task,To be Verified,X11,X11,software,Arttu Tiainen,5f3a7facfdc3f5003f9cb843,,Medium,,Arno Alho,5c2c744e63d3584fe075e694,Admin Matias Arranz Garcia,5efcbe34c796b50bb2f5855f,Admin Matias Arranz Garcia,5efcbe34c796b50bb2f5855f,13/Nov/20 16:26,19/Apr/21 18:53,30/Jun/21 16:25,,,0,X11,,[https://iceyedev.atlassian.net/wiki/spaces/SMS/pages/2243428887/ICEYE-SM-PCD-0136+Antennas+Installation+Procedure|https://iceyedev.atlassian.net/wiki/spaces/SMS/pages/2243428887/ICEYE-SM-PCD-0136+Antennas+Installation+Procedure|smart-link],,Admin Matias Arranz Garcia,,5efcbe34c796b50bb2f5855f,,,,,,,,,,,,,,,,,,,,,,,,,03/Apr/21 12:22;ea6d9328-ef81-46e1-a075-e3692f2ca5a8;Photo 2021-04-03 12_22_50.jpg;https://iceyedev.atlassian.net/secure/attachment/39342/Photo+2021-04-03+12_22_50.jpg,03/Apr/21 12:23;ea6d9328-ef81-46e1-a075-e3692f2ca5a8;Photo 2021-04-03 12_22_59.jpg;https://iceyedev.atlassian.net/secure/attachment/39343/Photo+2021-04-03+12_22_59.jpg,03/Apr/21 12:23;ea6d9328-ef81-46e1-a075-e3692f2ca5a8;Photo 2021-04-03 12_23_07.jpg;https://iceyedev.atlassian.net/secure/attachment/39344/Photo+2021-04-03+12_23_07.jpg,03/Apr/21 12:23;ea6d9328-ef81-46e1-a075-e3692f2ca5a8;Photo 2021-04-03 12_23_16.jpg;https://iceyedev.atlassian.net/secure/attachment/39345/Photo+2021-04-03+12_23_16.jpg,,,,,,,,,,,,,,,,,,,,,,,,,,,,,,,{},,0|i03ld1:,,,,40568,Payload,In Progress
Payload harness installation,X11-76,40630,Task,To Do,X11,X11,software,Arttu Tiainen,5f3a7facfdc3f5003f9cb843,,Medium,,,,Admin Matias Arranz Garcia,5efcbe34c796b50bb2f5855f,Admin Matias Arranz Garcia,5efcbe34c796b50bb2f5855f,13/Nov/20 16:26,16/Nov/20 12:08,30/Jun/21 16:25,,,0,X11,,[https://iceyedev.atlassian.net/wiki/spaces/SMS/pages/2250932523/ICEYE-SM-PCD-0177+Payload+harness+installation+Procedure|https://iceyedev.atlassian.net/wiki/spaces/SMS/pages/2250932523/ICEYE-SM-PCD-0177+Payload+harness+installation+Procedure|smart-link],,Admin Matias Arranz Garcia,,5efcbe34c796b50bb2f5855f,,,,,,,,,,,,,,,,,,,,,,,,,,,,,,,,,,,,,,,,,,,,,,,,,,,,,,,,,,,{},,0|i03lct:,,,,40568,Payload,To Do
RF Cables routing,X11-75,40629,Task,To Do,X11,X11,software,Arttu Tiainen,5f3a7facfdc3f5003f9cb843,,Medium,,,,Admin Matias Arranz Garcia,5efcbe34c796b50bb2f5855f,Admin Matias Arranz Garcia,5efcbe34c796b50bb2f5855f,13/Nov/20 16:26,16/Nov/20 12:08,30/Jun/21 16:25,,,0,X11,,[https://iceyedev.atlassian.net/wiki/spaces/SMS/pages/2251685919/ICEYE-SM-PCD-0183+RF+Cables+routing+Procedure|https://iceyedev.atlassian.net/wiki/spaces/SMS/pages/2251685919/ICEYE-SM-PCD-0183+RF+Cables+routing+Procedure|smart-link],,Admin Matias Arranz Garcia,,5efcbe34c796b50bb2f5855f,,,,,,,,,,,,,,,,,,,,,,,,,,,,,,,,,,,,,,,,,,,,,,,,,,,,,,,,,,,{},,0|i03lcl:,,,,40568,Payload,To Do
CDR + PA sandwich installation,X11-74,40628,Task,To be Verified,X11,X11,software,Arttu Tiainen,5f3a7facfdc3f5003f9cb843,,Medium,,Arno Alho,5c2c744e63d3584fe075e694,Admin Matias Arranz Garcia,5efcbe34c796b50bb2f5855f,Admin Matias Arranz Garcia,5efcbe34c796b50bb2f5855f,13/Nov/20 16:26,02/Apr/21 12:08,30/Jun/21 16:25,,,0,X11,,[https://iceyedev.atlassian.net/wiki/spaces/SMS/pages/2243592824|https://iceyedev.atlassian.net/wiki/spaces/SMS/pages/2243592824|smart-link],,Admin Matias Arranz Garcia,,5efcbe34c796b50bb2f5855f,,,,,,,,,,,,,,,,,,,,,,,,,30/Mar/21 17:52;ea6d9328-ef81-46e1-a075-e3692f2ca5a8;Photo 2021-03-30 17_51_57.jpg;https://iceyedev.atlassian.net/secure/attachment/38958/Photo+2021-03-30+17_51_57.jpg,30/Mar/21 17:52;ea6d9328-ef81-46e1-a075-e3692f2ca5a8;Photo 2021-03-30 17_52_11.jpg;https://iceyedev.atlassian.net/secure/attachment/38959/Photo+2021-03-30+17_52_11.jpg,30/Mar/21 17:54;ea6d9328-ef81-46e1-a075-e3692f2ca5a8;Photo 2021-03-30 17_54_24.jpg;https://iceyedev.atlassian.net/secure/attachment/38960/Photo+2021-03-30+17_54_24.jpg,30/Mar/21 17:54;ea6d9328-ef81-46e1-a075-e3692f2ca5a8;Photo 2021-03-30 17_54_32.jpg;https://iceyedev.atlassian.net/secure/attachment/38961/Photo+2021-03-30+17_54_32.jpg,30/Mar/21 17:55;ea6d9328-ef81-46e1-a075-e3692f2ca5a8;Photo 2021-03-30 17_54_58.jpg;https://iceyedev.atlassian.net/secure/attachment/38962/Photo+2021-03-30+17_54_58.jpg,30/Mar/21 17:55;ea6d9328-ef81-46e1-a075-e3692f2ca5a8;Photo 2021-03-30 17_55_04.jpg;https://iceyedev.atlassian.net/secure/attachment/38964/Photo+2021-03-30+17_55_04.jpg,30/Mar/21 17:57;ea6d9328-ef81-46e1-a075-e3692f2ca5a8;Photo 2021-03-30 17_57_05.jpg;https://iceyedev.atlassian.net/secure/attachment/38965/Photo+2021-03-30+17_57_05.jpg,30/Mar/21 17:57;ea6d9328-ef81-46e1-a075-e3692f2ca5a8;Photo 2021-03-30 17_57_28.jpg;https://iceyedev.atlassian.net/secure/attachment/38966/Photo+2021-03-30+17_57_28.jpg,30/Mar/21 17:57;ea6d9328-ef81-46e1-a075-e3692f2ca5a8;Photo 2021-03-30 17_57_42.jpg;https://iceyedev.atlassian.net/secure/attachment/38967/Photo+2021-03-30+17_57_42.jpg,30/Mar/21 17:58;ea6d9328-ef81-46e1-a075-e3692f2ca5a8;Photo 2021-03-30 17_58_14.jpg;https://iceyedev.atlassian.net/secure/attachment/38968/Photo+2021-03-30+17_58_14.jpg,30/Mar/21 17:58;ea6d9328-ef81-46e1-a075-e3692f2ca5a8;Photo 2021-03-30 17_58_22.jpg;https://iceyedev.atlassian.net/secure/attachment/38969/Photo+2021-03-30+17_58_22.jpg,31/Mar/21 18:04;3fc32b64-6134-4431-8fc4-c5904f54f9ee;Photo 2021-03-31 18_04_02.jpg;https://iceyedev.atlassian.net/secure/attachment/39053/Photo+2021-03-31+18_04_02.jpg,31/Mar/21 18:04;3fc32b64-6134-4431-8fc4-c5904f54f9ee;Photo 2021-03-31 18_04_17.jpg;https://iceyedev.atlassian.net/secure/attachment/39054/Photo+2021-03-31+18_04_17.jpg,31/Mar/21 18:05;3fc32b64-6134-4431-8fc4-c5904f54f9ee;Photo 2021-03-31 18_05_05.jpg;https://iceyedev.atlassian.net/secure/attachment/39055/Photo+2021-03-31+18_05_05.jpg,31/Mar/21 18:05;3fc32b64-6134-4431-8fc4-c5904f54f9ee;Photo 2021-03-31 18_05_28.jpg;https://iceyedev.atlassian.net/secure/attachment/39056/Photo+2021-03-31+18_05_28.jpg,31/Mar/21 18:06;3fc32b64-6134-4431-8fc4-c5904f54f9ee;Photo 2021-03-31 18_06_11.jpg;https://iceyedev.atlassian.net/secure/attachment/39057/Photo+2021-03-31+18_06_11.jpg,31/Mar/21 18:10;3fc32b64-6134-4431-8fc4-c5904f54f9ee;Photo 2021-03-31 18_09_55.jpg;https://iceyedev.atlassian.net/secure/attachment/39058/Photo+2021-03-31+18_09_55.jpg,31/Mar/21 18:10;3fc32b64-6134-4431-8fc4-c5904f54f9ee;Photo 2021-03-31 18_10_07.jpg;https://iceyedev.atlassian.net/secure/attachment/39059/Photo+2021-03-31+18_10_07.jpg,31/Mar/21 18:10;3fc32b64-6134-4431-8fc4-c5904f54f9ee;Photo 2021-03-31 18_10_21.jpg;https://iceyedev.atlassian.net/secure/attachment/39060/Photo+2021-03-31+18_10_21.jpg,31/Mar/21 18:11;3fc32b64-6134-4431-8fc4-c5904f54f9ee;Photo 2021-03-31 18_11_25.jpg;https://iceyedev.atlassian.net/secure/attachment/39061/Photo+2021-03-31+18_11_25.jpg,02/Apr/21 11:34;ea6d9328-ef81-46e1-a075-e3692f2ca5a8;Photo 2021-04-02 11_34_05.jpg;https://iceyedev.atlassian.net/secure/attachment/39266/Photo+2021-04-02+11_34_05.jpg,02/Apr/21 11:34;ea6d9328-ef81-46e1-a075-e3692f2ca5a8;Photo 2021-04-02 11_34_16.jpg;https://iceyedev.atlassian.net/secure/attachment/39267/Photo+2021-04-02+11_34_16.jpg,02/Apr/21 11:34;ea6d9328-ef81-46e1-a075-e3692f2ca5a8;Photo 2021-04-02 11_34_24.jpg;https://iceyedev.atlassian.net/secure/attachment/39268/Photo+2021-04-02+11_34_24.jpg,02/Apr/21 11:34;ea6d9328-ef81-46e1-a075-e3692f2ca5a8;Photo 2021-04-02 11_34_33.jpg;https://iceyedev.atlassian.net/secure/attachment/39269/Photo+2021-04-02+11_34_33.jpg,02/Apr/21 11:35;ea6d9328-ef81-46e1-a075-e3692f2ca5a8;Photo 2021-04-02 11_35_11.jpg;https://iceyedev.atlassian.net/secure/attachment/39270/Photo+2021-04-02+11_35_11.jpg,02/Apr/21 11:35;ea6d9328-ef81-46e1-a075-e3692f2ca5a8;Photo 2021-04-02 11_35_38.jpg;https://iceyedev.atlassian.net/secure/attachment/39271/Photo+2021-04-02+11_35_38.jpg,02/Apr/21 11:35;ea6d9328-ef81-46e1-a075-e3692f2ca5a8;Photo 2021-04-02 11_35_51.jpg;https://iceyedev.atlassian.net/secure/attachment/39272/Photo+2021-04-02+11_35_51.jpg,02/Apr/21 11:36;ea6d9328-ef81-46e1-a075-e3692f2ca5a8;Photo 2021-04-02 11_36_01.jpg;https://iceyedev.atlassian.net/secure/attachment/39273/Photo+2021-04-02+11_36_01.jpg,02/Apr/21 11:36;ea6d9328-ef81-46e1-a075-e3692f2ca5a8;Photo 2021-04-02 11_36_24.jpg;https://iceyedev.atlassian.net/secure/attachment/39274/Photo+2021-04-02+11_36_24.jpg,02/Apr/21 11:36;ea6d9328-ef81-46e1-a075-e3692f2ca5a8;Photo 2021-04-02 11_36_31.jpg;https://iceyedev.atlassian.net/secure/attachment/39275/Photo+2021-04-02+11_36_31.jpg,02/Apr/21 11:36;ea6d9328-ef81-46e1-a075-e3692f2ca5a8;Photo 2021-04-02 11_36_40.jpg;https://iceyedev.atlassian.net/secure/attachment/39276/Photo+2021-04-02+11_36_40.jpg,02/Apr/21 12:06;ea6d9328-ef81-46e1-a075-e3692f2ca5a8;Photo 2021-04-02 12_06_34.jpg;https://iceyedev.atlassian.net/secure/attachment/39279/Photo+2021-04-02+12_06_34.jpg,02/Apr/21 12:08;ea6d9328-ef81-46e1-a075-e3692f2ca5a8;Photo 2021-04-02 12_08_05.jpg;https://iceyedev.atlassian.net/secure/attachment/39280/Photo+2021-04-02+12_08_05.jpg,02/Apr/21 12:08;ea6d9328-ef81-46e1-a075-e3692f2ca5a8;Photo 2021-04-02 12_08_24.jpg;https://iceyedev.atlassian.net/secure/attachment/39281/Photo+2021-04-02+12_08_24.jpg,{},,0|i03lcd:,,,,40568,Payload,In Progress
Payload Antenna Frame installation,X11-73,40627,Task,In Progress,X11,X11,software,Arttu Tiainen,5f3a7facfdc3f5003f9cb843,,Medium,,Joel Shaji,5f6ae89bf0d40100703f3662,Admin Matias Arranz Garcia,5efcbe34c796b50bb2f5855f,Admin Matias Arranz Garcia,5efcbe34c796b50bb2f5855f,13/Nov/20 16:26,12/Feb/21 17:51,30/Jun/21 16:25,,,0,X11,,[https://iceyedev.atlassian.net/wiki/spaces/SMS/pages/2243788861/ICEYE-SM-PCD-0134+Antenna+Frame+Installation+Procedure|https://iceyedev.atlassian.net/wiki/spaces/SMS/pages/2243788861/ICEYE-SM-PCD-0134+Antenna+Frame+Installation+Procedure|smart-link],,Admin Matias Arranz Garcia,,5efcbe34c796b50bb2f5855f,,,,,,,,,,,,,,,,,,,,,,,,,,,,,,,,,,,,,,,,,,,,,,,,,,,,,,,,,,,{},,0|i03lc5:,,,,40568,Payload,In Progress
XANT mounting,X11-72,40626,Task,To Do,X11,X11,software,Arttu Tiainen,5f3a7facfdc3f5003f9cb843,,Medium,,,,Admin Matias Arranz Garcia,5efcbe34c796b50bb2f5855f,Admin Matias Arranz Garcia,5efcbe34c796b50bb2f5855f,13/Nov/20 16:26,16/Nov/20 12:08,30/Jun/21 16:25,,,0,X11,,[https://iceyedev.atlassian.net/wiki/spaces/SMS/pages/2250965325/ICEYE-SM-PCD-0206+XANT+mounting+Procedure|https://iceyedev.atlassian.net/wiki/spaces/SMS/pages/2250965325/ICEYE-SM-PCD-0206+XANT+mounting+Procedure|smart-link],,Admin Matias Arranz Garcia,,5efcbe34c796b50bb2f5855f,,,,,,,,,,,,,,,,,,,,,,,,,,,,,,,,,,,,,,,,,,,,,,,,,,,,,,,,,,,{},,0|i03lbx:,,,,40567,XANT,To Do
XANT Bracket and isolators installation,X11-71,40625,Task,To Do,X11,X11,software,Arttu Tiainen,5f3a7facfdc3f5003f9cb843,,Medium,,,,Admin Matias Arranz Garcia,5efcbe34c796b50bb2f5855f,Admin Matias Arranz Garcia,5efcbe34c796b50bb2f5855f,13/Nov/20 16:26,18/Nov/20 20:09,30/Jun/21 16:25,,,0,X11,,[https://iceyedev.atlassian.net/wiki/spaces/SMS/pages/2243625152/ICEYE-SM-PCD-0141+Bracket+and+Isolators+Installation+%28XANT%29+Procedure|https://iceyedev.atlassian.net/wiki/spaces/SMS/pages/2243625152/ICEYE-SM-PCD-0141+Bracket+and+Isolators+Installation+%28XANT%29+Procedure|smart-link],,Admin Matias Arranz Garcia,,5efcbe34c796b50bb2f5855f,,,,,,,,,,,,,,,,,,,,,,,,,,,,,,,,,,,,,,,,,,,,,,,,,,,,,,,,,,,{},,0|i03lbp:,,,,40567,XANT,To Do
Filters installation,X11-70,40624,Task,To Do,X11,X11,software,Arttu Tiainen,5f3a7facfdc3f5003f9cb843,,Medium,,,,Admin Matias Arranz Garcia,5efcbe34c796b50bb2f5855f,Admin Matias Arranz Garcia,5efcbe34c796b50bb2f5855f,13/Nov/20 16:26,16/Nov/20 12:08,30/Jun/21 16:25,,,0,X11,,[https://iceyedev.atlassian.net/wiki/spaces/SMS/pages/2245591185/ICEYE-SM-PCD-0157+Filters+Installation+Procedure|https://iceyedev.atlassian.net/wiki/spaces/SMS/pages/2245591185/ICEYE-SM-PCD-0157+Filters+Installation+Procedure|smart-link],,Admin Matias Arranz Garcia,,5efcbe34c796b50bb2f5855f,,,,,,,,,,,,,,,,,,,,,,,,,,,,,,,,,,,,,,,,,,,,,,,,,,,,,,,,,,,{},,0|i03lbh:,,,,40566,Filters,To Do
Thermal paste application (Filters),X11-69,40623,Task,To Do,X11,X11,software,Arttu Tiainen,5f3a7facfdc3f5003f9cb843,,Medium,,,,Admin Matias Arranz Garcia,5efcbe34c796b50bb2f5855f,Admin Matias Arranz Garcia,5efcbe34c796b50bb2f5855f,13/Nov/20 16:26,16/Nov/20 12:08,30/Jun/21 16:25,,,0,X11,,[https://iceyedev.atlassian.net/wiki/spaces/SMS/pages/2249261449/ICEYE-SM-PCD-0198+Thermal+Paste+Application+Process+Description|https://iceyedev.atlassian.net/wiki/spaces/SMS/pages/2249261449/ICEYE-SM-PCD-0198+Thermal+Paste+Application+Process+Description|smart-link],,Admin Matias Arranz Garcia,,5efcbe34c796b50bb2f5855f,,,,,,,,,,,,,,,,,,,,,,,,,,,,,,,,,,,,,,,,,,,,,,,,,,,,,,,,,,,{},,0|i03lb9:,,,,40566,Filters,To Do
Triangle bracket assembly,X11-68,40622,Task,To Do,X11,X11,software,Arttu Tiainen,5f3a7facfdc3f5003f9cb843,,Medium,,,,Admin Matias Arranz Garcia,5efcbe34c796b50bb2f5855f,Admin Matias Arranz Garcia,5efcbe34c796b50bb2f5855f,13/Nov/20 16:26,16/Nov/20 12:07,30/Jun/21 16:25,,,0,X11,,[https://iceyedev.atlassian.net/wiki/spaces/SMS/pages/2249392531/ICEYE-SM-PCD-0201+Triangle+bracket+assembly+Procedure|https://iceyedev.atlassian.net/wiki/spaces/SMS/pages/2249392531/ICEYE-SM-PCD-0201+Triangle+bracket+assembly+Procedure|smart-link],,Admin Matias Arranz Garcia,,5efcbe34c796b50bb2f5855f,,,,,,,,,,,,,,,,,,,,,,,,,,,,,,,,,,,,,,,,,,,,,,,,,,,,,,,,,,,{},,0|i03lb1:,,,,40566,Filters,To Do
CDRLite Installation,X11-67,40621,Task,To be Verified,X11,X11,software,Arttu Tiainen,5f3a7facfdc3f5003f9cb843,,Medium,,Joel Shaji,5f6ae89bf0d40100703f3662,Admin Matias Arranz Garcia,5efcbe34c796b50bb2f5855f,Admin Matias Arranz Garcia,5efcbe34c796b50bb2f5855f,13/Nov/20 16:26,21/Mar/21 11:11,30/Jun/21 16:25,,,0,X11,,[https://iceyedev.atlassian.net/wiki/spaces/SMS/pages/2245623825/ICEYE-SM-PCD-0149+CDRLite+Installation+Procedure|https://iceyedev.atlassian.net/wiki/spaces/SMS/pages/2245623825/ICEYE-SM-PCD-0149+CDRLite+Installation+Procedure|smart-link],,Admin Matias Arranz Garcia,,5efcbe34c796b50bb2f5855f,,,,,,,,,,,,,,,,,,,,,,,,,,,,,,,,,,,,,,,,,,,,,,,,,,,,,,,,,,,{},,0|i03lat:,,,,40565,CDRLite,In Progress
Thermal paste application (CDRLite),X11-66,40620,Task,To Do,X11,X11,software,Arttu Tiainen,5f3a7facfdc3f5003f9cb843,,Medium,,Joel Shaji,5f6ae89bf0d40100703f3662,Admin Matias Arranz Garcia,5efcbe34c796b50bb2f5855f,Admin Matias Arranz Garcia,5efcbe34c796b50bb2f5855f,13/Nov/20 16:26,16/Mar/21 14:22,30/Jun/21 16:25,,,0,X11,,[https://iceyedev.atlassian.net/wiki/spaces/SMS/pages/2249261449/ICEYE-SM-PCD-0198+Thermal+Paste+Application+Process+Description|https://iceyedev.atlassian.net/wiki/spaces/SMS/pages/2249261449/ICEYE-SM-PCD-0198+Thermal+Paste+Application+Process+Description|smart-link],,Admin Matias Arranz Garcia,,5efcbe34c796b50bb2f5855f,,,,,,,,,,,,,,,,,,,,,,,,,,,,,,,,,,,,,,,,,,,,,,,,,,,,,,,,,,,{},,0|i03lal:,,,,40565,CDRLite,To Do
IHXB Installation,X11-65,40619,Task,To be Verified,X11,X11,software,Arttu Tiainen,5f3a7facfdc3f5003f9cb843,,Medium,,Bharanidharan Asokan,5f324991323607003845db9f,Admin Matias Arranz Garcia,5efcbe34c796b50bb2f5855f,Admin Matias Arranz Garcia,5efcbe34c796b50bb2f5855f,13/Nov/20 16:26,26/Apr/21 19:12,30/Jun/21 16:25,,,0,X11,,,,Admin Matias Arranz Garcia,Bharanidharan Asokan,5efcbe34c796b50bb2f5855f,5f324991323607003845db9f,,,,,,,,,MITA-107,MITA-106,,,,,,,,,,,,,,,,,,,,,,,,,,,,,,,,,,,,,,,,,,,,,,,,{},,0|i03lad:,,,,40564,RPU & IHXBR installation,In Progress
Thermal paste application (IHXB),X11-64,40618,Task,To Do,X11,X11,software,Arttu Tiainen,5f3a7facfdc3f5003f9cb843,,Medium,,,,Admin Matias Arranz Garcia,5efcbe34c796b50bb2f5855f,Admin Matias Arranz Garcia,5efcbe34c796b50bb2f5855f,13/Nov/20 16:26,16/Nov/20 12:07,30/Jun/21 16:25,,,0,X11,,,,Admin Matias Arranz Garcia,,5efcbe34c796b50bb2f5855f,,,,,,,,,,,,,,,,,,,,,,,,,,,,,,,,,,,,,,,,,,,,,,,,,,,,,,,,,,,{},,0|i03la5:,,,,40564,RPU & IHXBR installation,To Do
Stand-offs installation,X11-63,40617,Task,To Do,X11,X11,software,Arttu Tiainen,5f3a7facfdc3f5003f9cb843,,Medium,,,,Admin Matias Arranz Garcia,5efcbe34c796b50bb2f5855f,Admin Matias Arranz Garcia,5efcbe34c796b50bb2f5855f,13/Nov/20 16:26,16/Nov/20 12:07,30/Jun/21 16:25,,,0,X11,,[https://iceyedev.atlassian.net/wiki/spaces/SMS/pages/2250932573/ICEYE-SM-PCD-0194+Stand-offs+installation+Procedure|https://iceyedev.atlassian.net/wiki/spaces/SMS/pages/2250932573/ICEYE-SM-PCD-0194+Stand-offs+installation+Procedure|smart-link] ,,Admin Matias Arranz Garcia,,5efcbe34c796b50bb2f5855f,,,,,,,,,,,,,,,,,,,,,,,,,,,,,,,,,,,,,,,,,,,,,,,,,,,,,,,,,,,{},,0|i03l9x:,,,,40577,SOLP,To Do
RPU & IHXBR Installation,X11-62,40616,Task,To Do,X11,X11,software,Arttu Tiainen,5f3a7facfdc3f5003f9cb843,,Medium,,,,Admin Matias Arranz Garcia,5efcbe34c796b50bb2f5855f,Admin Matias Arranz Garcia,5efcbe34c796b50bb2f5855f,13/Nov/20 16:26,30/Apr/21 20:08,30/Jun/21 16:25,,,0,X11,,Installation checklist: [https://iceyedev.atlassian.net/wiki/spaces/SMS/pages/2203779751/EXAMPLE+RPU+Installation+procedure|https://iceyedev.atlassian.net/wiki/spaces/SMS/pages/2203779751/EXAMPLE+RPU+Installation+procedure|smart-link] [https://iceyedev.atlassian.net/wiki/spaces/SMS/pages/2251555147|https://iceyedev.atlassian.net/wiki/spaces/SMS/pages/2251555147|smart-link],,Admin Matias Arranz Garcia,,5efcbe34c796b50bb2f5855f,,,,,,,,,,,,,,,,,,,,,,,,,30/Apr/21 20:08;thomas.prieux;Photo 2021-04-30 20_08_35.jpg;https://iceyedev.atlassian.net/secure/attachment/42136/Photo+2021-04-30+20_08_35.jpg,30/Apr/21 20:08;thomas.prieux;Photo 2021-04-30 20_08_44.jpg;https://iceyedev.atlassian.net/secure/attachment/42137/Photo+2021-04-30+20_08_44.jpg,30/Apr/21 20:08;thomas.prieux;Photo 2021-04-30 20_08_54.jpg;https://iceyedev.atlassian.net/secure/attachment/42138/Photo+2021-04-30+20_08_54.jpg,,,,,,,,,,,,,,,,,,,,,,,,,,,,,,,,{},,0|i03l9p:,,,,40564,RPU & IHXBR installation,To Do
Thermal paste application (RPU),X11-61,40615,Task,Done,X11,X11,software,Arttu Tiainen,5f3a7facfdc3f5003f9cb843,,Medium,Done,Thomas Prieux,557058:698b26a1-70ef-4707-8149-973ae57b5e86,Admin Matias Arranz Garcia,5efcbe34c796b50bb2f5855f,Admin Matias Arranz Garcia,5efcbe34c796b50bb2f5855f,13/Nov/20 16:26,30/Apr/21 20:07,30/Jun/21 16:25,30/Apr/21 20:07,,0,X11,,"[https://iceyedev.atlassian.net/wiki/spaces/SMS/pages/2249261449/ICEYE-SM-PCD-0198+Thermal+Paste+Application+Process+Description|https://iceyedev.atlassian.net/wiki/spaces/SMS/pages/2249261449/ICEYE-SM-PCD-0198+Thermal+Paste+Application+Process+Description|smart-link]

Done on interface between BUS and RPU

Done Between RPU and XRBB

Done Between RPU box it self
Done between XRTX and thermal Straps",,Admin Matias Arranz Garcia,,5efcbe34c796b50bb2f5855f,,,,,,,,,,,,,,,,,,,,,,,,,30/Apr/21 20:04;thomas.prieux;Photo 2021-04-30 20_04_01.jpg;https://iceyedev.atlassian.net/secure/attachment/42130/Photo+2021-04-30+20_04_01.jpg,30/Apr/21 20:04;thomas.prieux;Photo 2021-04-30 20_04_17.jpg;https://iceyedev.atlassian.net/secure/attachment/42131/Photo+2021-04-30+20_04_17.jpg,30/Apr/21 20:04;thomas.prieux;Photo 2021-04-30 20_04_28.jpg;https://iceyedev.atlassian.net/secure/attachment/42132/Photo+2021-04-30+20_04_28.jpg,30/Apr/21 20:05;thomas.prieux;Photo 2021-04-30 20_04_53.jpg;https://iceyedev.atlassian.net/secure/attachment/42133/Photo+2021-04-30+20_04_53.jpg,30/Apr/21 20:07;thomas.prieux;Photo 2021-04-30 20_07_12.jpg;https://iceyedev.atlassian.net/secure/attachment/42134/Photo+2021-04-30+20_07_12.jpg,30/Apr/21 20:07;thomas.prieux;Photo 2021-04-30 20_07_29.jpg;https://iceyedev.atlassian.net/secure/attachment/42135/Photo+2021-04-30+20_07_29.jpg,,,,,,,,,,,,,,,,,,,,,,,,,,,,,{},,0|i03l9h:,,,,40564,RPU & IHXBR installation,Done
CDRL Installation,X11-60,40614,Task,To be Verified,X11,X11,software,Arttu Tiainen,5f3a7facfdc3f5003f9cb843,,Medium,,Joel Shaji,5f6ae89bf0d40100703f3662,Admin Matias Arranz Garcia,5efcbe34c796b50bb2f5855f,Admin Matias Arranz Garcia,5efcbe34c796b50bb2f5855f,13/Nov/20 16:26,21/Mar/21 11:11,30/Jun/21 16:25,,,0,X11,,[https://iceyedev.atlassian.net/wiki/spaces/SMS/pages/2243790154/ICEYE-SM-PCD-0147+CDRL+Installation+Procedure|https://iceyedev.atlassian.net/wiki/spaces/SMS/pages/2243790154/ICEYE-SM-PCD-0147+CDRL+Installation+Procedure|smart-link] ,,Admin Matias Arranz Garcia,,5efcbe34c796b50bb2f5855f,,,,,,,,,,,,,,,,,,,,,,,,,,,,,,,,,,,,,,,,,,,,,,,,,,,,,,,,,,,{},,0|i03l99:,,,,40681,CDRL Installation,In Progress
Thermal past application (CDRL),X11-59,40613,Task,To Do,X11,X11,software,Arttu Tiainen,5f3a7facfdc3f5003f9cb843,,Medium,,,,Admin Matias Arranz Garcia,5efcbe34c796b50bb2f5855f,Admin Matias Arranz Garcia,5efcbe34c796b50bb2f5855f,13/Nov/20 16:26,16/Nov/20 12:07,30/Jun/21 16:25,,,0,X11,,,,Admin Matias Arranz Garcia,,5efcbe34c796b50bb2f5855f,,,,,,,,,,,,,,,,,,,,,,,,,,,,,,,,,,,,,,,,,,,,,,,,,,,,,,,,,,,{},,0|i03l91:,,,,40681,CDRL Installation,To Do
OBC-Big installation,X11-58,40612,Task,To be Verified,X11,X11,software,Arttu Tiainen,5f3a7facfdc3f5003f9cb843,,Medium,,Sergei Ossif,557058:dceaad8e-9678-46c5-9a0b-a40a0e26e381,Admin Matias Arranz Garcia,5efcbe34c796b50bb2f5855f,Admin Matias Arranz Garcia,5efcbe34c796b50bb2f5855f,13/Nov/20 16:26,25/Apr/21 12:46,30/Jun/21 16:25,,,0,X11,,[https://iceyedev.atlassian.net/wiki/spaces/SMS/pages/2250932508/ICEYE-SM-PCD-0175+OBC-Big+installation+Procedure|https://iceyedev.atlassian.net/wiki/spaces/SMS/pages/2250932508/ICEYE-SM-PCD-0175+OBC-Big+installation+Procedure|smart-link],,Admin Matias Arranz Garcia,,5efcbe34c796b50bb2f5855f,,,,,,,,,,,,,,,,,,,,,,,,,,,,,,,,,,,,,,,,,,,,,,,,,,,,,,,,,,,{},,0|i03l8t:,,,,40561,OBC-Big,In Progress
Thermal paste application (OBC Big),X11-57,40611,Task,To Do,X11,X11,software,Arttu Tiainen,5f3a7facfdc3f5003f9cb843,,Medium,,,,Admin Matias Arranz Garcia,5efcbe34c796b50bb2f5855f,Admin Matias Arranz Garcia,5efcbe34c796b50bb2f5855f,13/Nov/20 16:26,16/Nov/20 12:07,30/Jun/21 16:25,,,0,X11,,[https://iceyedev.atlassian.net/wiki/spaces/SMS/pages/2249261449/ICEYE-SM-PCD-0198+Thermal+Paste+Application+Process+Description|https://iceyedev.atlassian.net/wiki/spaces/SMS/pages/2249261449/ICEYE-SM-PCD-0198+Thermal+Paste+Application+Process+Description|smart-link],,Admin Matias Arranz Garcia,,5efcbe34c796b50bb2f5855f,,,,,,,,,,,,,,,,,,,,,,,,,,,,,,,,,,,,,,,,,,,,,,,,,,,,,,,,,,,{},,0|i03l8l:,,,,40561,OBC-Big,To Do
S-band antenna mounting,X11-56,40610,Task,In Progress,X11,X11,software,Arttu Tiainen,5f3a7facfdc3f5003f9cb843,,Medium,,Arno Alho,5c2c744e63d3584fe075e694,Admin Matias Arranz Garcia,5efcbe34c796b50bb2f5855f,Admin Matias Arranz Garcia,5efcbe34c796b50bb2f5855f,13/Nov/20 16:26,15/Feb/21 15:51,30/Jun/21 16:25,,,0,X11,,[https://iceyedev.atlassian.net/wiki/spaces/SMS/pages/2243428880/ICEYE-SM-PCD-0135+Antenna+Mounting+Procedure|https://iceyedev.atlassian.net/wiki/spaces/SMS/pages/2243428880/ICEYE-SM-PCD-0135+Antenna+Mounting+Procedure|smart-link],,Admin Matias Arranz Garcia,,5efcbe34c796b50bb2f5855f,,,,,,,,,,,,,,,,,,,,,,,,,,,,,,,,,,,,,,,,,,,,,,,,,,,,,,,,,,,{},,0|i03l8d:,,,,40560,S-Band ANT,In Progress
Bracket and isolators installation,X11-55,40609,Task,In Progress,X11,X11,software,Arttu Tiainen,5f3a7facfdc3f5003f9cb843,,Medium,,Arno Alho,5c2c744e63d3584fe075e694,Admin Matias Arranz Garcia,5efcbe34c796b50bb2f5855f,Admin Matias Arranz Garcia,5efcbe34c796b50bb2f5855f,13/Nov/20 16:26,15/Feb/21 15:51,30/Jun/21 16:25,,,0,X11,,[https://iceyedev.atlassian.net/wiki/spaces/SMS/pages/2243592331/ICEYE-SM-PCD-0140+Bracket+and+Isolators+Installation+%28S-band+ANT%29+Procedure|https://iceyedev.atlassian.net/wiki/spaces/SMS/pages/2243592331/ICEYE-SM-PCD-0140+Bracket+and+Isolators+Installation+%28S-band+ANT%29+Procedure|smart-link],,Admin Matias Arranz Garcia,,5efcbe34c796b50bb2f5855f,,,,,,,,,,,,,,,,,,,,,,,,,,,,,,,,,,,,,,,,,,,,,,,,,,,,,,,,,,,{},,0|i03l85:,,,,40560,S-Band ANT,In Progress
Splitter installation,X11-54,40608,Task,To Do,X11,X11,software,Arttu Tiainen,5f3a7facfdc3f5003f9cb843,,Medium,,,,Admin Matias Arranz Garcia,5efcbe34c796b50bb2f5855f,Admin Matias Arranz Garcia,5efcbe34c796b50bb2f5855f,13/Nov/20 16:26,16/Nov/20 12:07,30/Jun/21 16:25,,,0,X11,,[https://iceyedev.atlassian.net/wiki/spaces/SMS/pages/2249490809/ICEYE-SM-PCD-0192+Splitter+installation+Procedure|https://iceyedev.atlassian.net/wiki/spaces/SMS/pages/2249490809/ICEYE-SM-PCD-0192+Splitter+installation+Procedure|smart-link],,Admin Matias Arranz Garcia,,5efcbe34c796b50bb2f5855f,,,,,,,,,,,,,,,,,,,,,,,,,,,,,,,,,,,,,,,,,,,,,,,,,,,,,,,,,,,{},,0|i03l7x:,,,,40561,OBC-Big,To Do
CONT installation,X11-53,40607,Task,Done,X11,X11,software,Arttu Tiainen,5f3a7facfdc3f5003f9cb843,,Medium,Done,Joel Shaji,5f6ae89bf0d40100703f3662,Admin Matias Arranz Garcia,5efcbe34c796b50bb2f5855f,Admin Matias Arranz Garcia,5efcbe34c796b50bb2f5855f,13/Nov/20 16:26,30/Apr/21 20:03,30/Jun/21 16:25,30/Apr/21 20:03,,0,X11,,"[https://iceyedev.atlassian.net/wiki/spaces/SMS/pages/2245591107/ICEYE-SM-PCD-0153+CONT+installation+Procedure|https://iceyedev.atlassian.net/wiki/spaces/SMS/pages/2245591107/ICEYE-SM-PCD-0153+CONT+installation+Procedure|smart-link]

Torqued and glued ",,Admin Matias Arranz Garcia,,5efcbe34c796b50bb2f5855f,,,,,,,,,,,,,,,,,,,,,,,,,30/Apr/21 20:02;thomas.prieux;Photo 2021-04-30 20_02_42.jpg;https://iceyedev.atlassian.net/secure/attachment/42129/Photo+2021-04-30+20_02_42.jpg,,,,,,,,,,,,,,,,,,,,,,,,,,,,,,,,,,{},,0|i03l7p:,,,,40558,CONT,Done
Thermal paste application (CONT),X11-52,40606,Task,Done,X11,X11,software,Arttu Tiainen,5f3a7facfdc3f5003f9cb843,,Medium,Done,Joel Shaji,5f6ae89bf0d40100703f3662,Admin Matias Arranz Garcia,5efcbe34c796b50bb2f5855f,Admin Matias Arranz Garcia,5efcbe34c796b50bb2f5855f,13/Nov/20 16:26,30/Apr/21 20:01,30/Jun/21 16:25,30/Apr/21 20:01,,0,X11,,"[https://iceyedev.atlassian.net/wiki/spaces/SMS/pages/2249261449/ICEYE-SM-PCD-0198+Thermal+Paste+Application+Process+Description|https://iceyedev.atlassian.net/wiki/spaces/SMS/pages/2249261449/ICEYE-SM-PCD-0198+Thermal+Paste+Application+Process+Description|smart-link]

Thermal paste visible",,Admin Matias Arranz Garcia,,5efcbe34c796b50bb2f5855f,,,,,,,,,,,,,,,,,,,,,,,,,30/Apr/21 20:01;thomas.prieux;Photo 2021-04-30 20_01_31.jpg;https://iceyedev.atlassian.net/secure/attachment/42128/Photo+2021-04-30+20_01_31.jpg,,,,,,,,,,,,,,,,,,,,,,,,,,,,,,,,,,{},,0|i03l7h:,,,,40558,CONT,Done
PCM Assembly installation,X11-51,40605,Task,Done,X11,X11,software,Arttu Tiainen,5f3a7facfdc3f5003f9cb843,,Medium,Done,Joel Shaji,5f6ae89bf0d40100703f3662,Admin Matias Arranz Garcia,5efcbe34c796b50bb2f5855f,Admin Matias Arranz Garcia,5efcbe34c796b50bb2f5855f,13/Nov/20 16:26,02/Feb/21 18:00,30/Jun/21 16:25,02/Feb/21 18:00,,0,X11,,[https://iceyedev.atlassian.net/wiki/spaces/SMS/pages/2251653181/ICEYE-SM-PCD-0179+PCM+Assembly+installation+Procedure|https://iceyedev.atlassian.net/wiki/spaces/SMS/pages/2251653181/ICEYE-SM-PCD-0179+PCM+Assembly+installation+Procedure|smart-link] [https://iceyedev.atlassian.net/wiki/spaces/SMS/pages/2251653181/ICEYE-SM-PCD-0179+PCM+Assembly+installation+Procedure|https://iceyedev.atlassian.net/wiki/spaces/SMS/pages/2251653181/ICEYE-SM-PCD-0179+PCM+Assembly+installation+Procedure|smart-link],,Admin Matias Arranz Garcia,,5efcbe34c796b50bb2f5855f,,,,,,,,,,,,,,,,,,,,,,,,,,,,,,,,,,,,,,,,,,,,,,,,,,,,,,,,,,,{},,0|i03l79:,,,,40557,PCMA,Done
Thermal paste application (PCMA),X11-50,40604,Task,Done,X11,X11,software,Arttu Tiainen,5f3a7facfdc3f5003f9cb843,,Medium,Done,Joel Shaji,5f6ae89bf0d40100703f3662,Admin Matias Arranz Garcia,5efcbe34c796b50bb2f5855f,Admin Matias Arranz Garcia,5efcbe34c796b50bb2f5855f,13/Nov/20 16:26,02/Feb/21 18:00,30/Jun/21 16:25,02/Feb/21 18:00,,0,X11,,[https://iceyedev.atlassian.net/wiki/spaces/SMS/pages/2249261449/ICEYE-SM-PCD-0198+Thermal+Paste+Application+Process+Description|https://iceyedev.atlassian.net/wiki/spaces/SMS/pages/2249261449/ICEYE-SM-PCD-0198+Thermal+Paste+Application+Process+Description|smart-link],,Admin Matias Arranz Garcia,,5efcbe34c796b50bb2f5855f,,,,,,,,,,,,,,,,,,,,,,,,,,,,,,,,,,,,,,,,,,,,,,,,,,,,,,,,,,,{},,0|i03l71:,,,,40557,PCMA,Done
Watchdog installation,X11-49,40603,Task,To Do,X11,X11,software,Arttu Tiainen,5f3a7facfdc3f5003f9cb843,,Medium,,,,Admin Matias Arranz Garcia,5efcbe34c796b50bb2f5855f,Admin Matias Arranz Garcia,5efcbe34c796b50bb2f5855f,13/Nov/20 16:26,12/Jan/21 16:27,30/Jun/21 16:25,,,0,X11,,[https://iceyedev.atlassian.net/wiki/spaces/SMS/pages/2251325775/ICEYE-SM-PCD-0203+WDOG+Integration+Procedure|https://iceyedev.atlassian.net/wiki/spaces/SMS/pages/2251325775/ICEYE-SM-PCD-0203+WDOG+Integration+Procedure|smart-link],,Admin Matias Arranz Garcia,,5efcbe34c796b50bb2f5855f,,,,,,,,,,,,,,,,,,,,,,,,,,,,,,,,,,,,,,,,,,,,,,,,,,,,,,,,,,,{},,0|i03l6t:,,,,40556,WDOG,To Do
Battery installation,X11-48,40602,Task,Done,X11,X11,software,Arttu Tiainen,5f3a7facfdc3f5003f9cb843,,Medium,Done,Gjorgji Cergarski,5ca1c324e935e80e41c3b3b8,Admin Matias Arranz Garcia,5efcbe34c796b50bb2f5855f,Admin Matias Arranz Garcia,5efcbe34c796b50bb2f5855f,13/Nov/20 16:26,02/Feb/21 17:58,30/Jun/21 16:25,02/Feb/21 17:58,,0,X11,,[https://iceyedev.atlassian.net/wiki/spaces/SMS/pages/2243199848/ICEYE-SM-PCD-0138+Battery+Installation+Procedure|https://iceyedev.atlassian.net/wiki/spaces/SMS/pages/2243199848/ICEYE-SM-PCD-0138+Battery+Installation+Procedure|smart-link],,Admin Matias Arranz Garcia,,5efcbe34c796b50bb2f5855f,,,,,,,,,,,,,,,,,,,,,,,,,,,,,,,,,,,,,,,,,,,,,,,,,,,,,,,,,,,{},,0|i03l6l:,,,,40559,BATT,Done
Thermal paste application (BATT),X11-47,40601,Task,Done,X11,X11,software,Arttu Tiainen,5f3a7facfdc3f5003f9cb843,,Medium,Done,Gjorgji Cergarski,5ca1c324e935e80e41c3b3b8,Admin Matias Arranz Garcia,5efcbe34c796b50bb2f5855f,Admin Matias Arranz Garcia,5efcbe34c796b50bb2f5855f,13/Nov/20 16:26,02/Feb/21 17:57,30/Jun/21 16:25,02/Feb/21 17:57,,0,X11,,[https://iceyedev.atlassian.net/wiki/spaces/SMS/pages/2249261449/ICEYE-SM-PCD-0198+Thermal+Paste+Application+Process+Description|https://iceyedev.atlassian.net/wiki/spaces/SMS/pages/2249261449/ICEYE-SM-PCD-0198+Thermal+Paste+Application+Process+Description|smart-link],,Admin Matias Arranz Garcia,,5efcbe34c796b50bb2f5855f,,,,,,,,,,,,,,,,,,,,,,,,,,,,,,,,,,,,,,,,,,,,,,,,,,,,,,,,,,,{},,0|i03l6d:,,,,40559,BATT,Done
Front and Back Panels installation,X11-46,40600,Task,Done,X11,X11,software,Arttu Tiainen,5f3a7facfdc3f5003f9cb843,,Medium,Done,Joel Shaji,5f6ae89bf0d40100703f3662,Admin Matias Arranz Garcia,5efcbe34c796b50bb2f5855f,Admin Matias Arranz Garcia,5efcbe34c796b50bb2f5855f,13/Nov/20 16:26,02/Feb/21 17:55,30/Jun/21 16:21,02/Feb/21 17:55,,0,X11,,[https://iceyedev.atlassian.net/wiki/spaces/SMS/pages/2245984350/ICEYE-SM-PCD-0159+Front+and+Back+Panels+installation+Procedure|https://iceyedev.atlassian.net/wiki/spaces/SMS/pages/2245984350/ICEYE-SM-PCD-0159+Front+and+Back+Panels+installation+Procedure|smart-link],,Admin Matias Arranz Garcia,,5efcbe34c796b50bb2f5855f,,,,,,,,,,,,,,,,,,,,,,,,,,,,,,,,,,,,,,,,,,,,,,,,,,,,,,,,,,,{},,0|i03l5j:,,,,40555,BUS,Done
Internal walls and X-frame installation,X11-45,40599,Task,To be Verified,X11,X11,software,Arttu Tiainen,5f3a7facfdc3f5003f9cb843,,Medium,,Joel Shaji,5f6ae89bf0d40100703f3662,Admin Matias Arranz Garcia,5efcbe34c796b50bb2f5855f,Admin Matias Arranz Garcia,5efcbe34c796b50bb2f5855f,13/Nov/20 16:26,13/Mar/21 17:25,28/Jun/21 10:56,,,0,X11,,[https://iceyedev.atlassian.net/wiki/spaces/SMS/pages/2251390985/ICEYE-SM-PCD-0170++Internal+walls+and+X-frame+installation+Procedure|https://iceyedev.atlassian.net/wiki/spaces/SMS/pages/2251390985/ICEYE-SM-PCD-0170++Internal+walls+and+X-frame+installation+Procedure|smart-link],,Admin Matias Arranz Garcia,,5efcbe34c796b50bb2f5855f,,,,,,,,,,,,,,,,,,,,,,,,,,,,,,,,,,,,,,,,,,,,,,,,,,,,,,,,,,,{},,0|i03l5j:1,,,,40555,BUS,In Progress
Bottom plate installation,X11-44,40598,Task,Done,X11,X11,software,Arttu Tiainen,5f3a7facfdc3f5003f9cb843,,Medium,Done,Joel Shaji,5f6ae89bf0d40100703f3662,Admin Matias Arranz Garcia,5efcbe34c796b50bb2f5855f,Admin Matias Arranz Garcia,5efcbe34c796b50bb2f5855f,13/Nov/20 16:26,02/Feb/21 17:55,30/Jun/21 16:25,02/Feb/21 17:55,,0,X11,,[https://iceyedev.atlassian.net/wiki/spaces/SMS/pages/2243559591/ICEYE-SM-PCD-0139+Bottom+Plate+Installation+Procedure|https://iceyedev.atlassian.net/wiki/spaces/SMS/pages/2243559591/ICEYE-SM-PCD-0139+Bottom+Plate+Installation+Procedure|smart-link],,Admin Matias Arranz Garcia,,5efcbe34c796b50bb2f5855f,,,,,,,,,,,,,,,,,,,,,,,,,,,,,,,,,,,,,,,,,,,,,,,,,,,,,,,,,,,{},,0|i03l5j:1i,,,,40555,BUS,Done
Workspace preparation,X11-43,40597,Task,Done,X11,X11,software,Arttu Tiainen,5f3a7facfdc3f5003f9cb843,,Medium,Done,Joel Shaji,5f6ae89bf0d40100703f3662,Admin Matias Arranz Garcia,5efcbe34c796b50bb2f5855f,Admin Matias Arranz Garcia,5efcbe34c796b50bb2f5855f,13/Nov/20 16:26,02/Feb/21 17:55,30/Jun/21 16:25,02/Feb/21 17:55,,0,X11,,[https://iceyedev.atlassian.net/wiki/spaces/SMS/pages/2251653243/ICEYE-SM-PCD-0204+Workspace+preparation+Procedure|https://iceyedev.atlassian.net/wiki/spaces/SMS/pages/2251653243/ICEYE-SM-PCD-0204+Workspace+preparation+Procedure|smart-link],,Admin Matias Arranz Garcia,,5efcbe34c796b50bb2f5855f,,,,,,,,,,,,,,,,,,,,,,,,,,,,,,,,,,,,,,,,,,,,,,,,,,,,,,,,,,,{},,0|i03l5j:2,,,,40555,BUS,Done
Check Battery connection,X11-42,40596,Task,To Do,X11,X11,software,Arttu Tiainen,5f3a7facfdc3f5003f9cb843,,Medium,,,,Admin Matias Arranz Garcia,5efcbe34c796b50bb2f5855f,Admin Matias Arranz Garcia,5efcbe34c796b50bb2f5855f,13/Nov/20 16:26,16/Nov/20 12:08,30/Jun/21 16:25,,,0,X11,,,,Admin Matias Arranz Garcia,,5efcbe34c796b50bb2f5855f,,,,,,,,,,,,,,,,,,,,,,,,,,,,,,,,,,,,,,,,,,,,,,,,,,,,,,,,,,,{},,0|i03l59:,,,,40570,System Level Check Group 1,To Do
Tests for System Level Check group 2,X11-41,40595,Task,To Do,X11,X11,software,Arttu Tiainen,5f3a7facfdc3f5003f9cb843,,Medium,,,,Admin Matias Arranz Garcia,5efcbe34c796b50bb2f5855f,Admin Matias Arranz Garcia,5efcbe34c796b50bb2f5855f,13/Nov/20 16:26,16/Nov/20 12:08,30/Jun/21 16:25,,,0,X11,,,,Admin Matias Arranz Garcia,,5efcbe34c796b50bb2f5855f,,,,,,,,,,,,,,,,,,,,,,,,,,,,,,,,,,,,,,,,,,,,,,,,,,,,,,,,,,,{},,0|i03l51:,,,,40572,System Level Check Group 2,To Do
CAN Continuity,X11-40,40594,Task,To Do,X11,X11,software,Arttu Tiainen,5f3a7facfdc3f5003f9cb843,,Medium,,,,Admin Matias Arranz Garcia,5efcbe34c796b50bb2f5855f,Admin Matias Arranz Garcia,5efcbe34c796b50bb2f5855f,13/Nov/20 16:26,16/Nov/20 12:08,30/Jun/21 16:25,,,0,X11,,,,Admin Matias Arranz Garcia,,5efcbe34c796b50bb2f5855f,,,,,,,,,,,,,,,,,,,,,,,,,,,,,,,,,,,,,,,,,,,,,,,,,,,,,,,,,,,{},,0|i03l4t:,,,,40570,System Level Check Group 1,To Do
Tests for TLM Connection check,X11-39,40593,Task,To Do,X11,X11,software,Arttu Tiainen,5f3a7facfdc3f5003f9cb843,,Medium,,,,Admin Matias Arranz Garcia,5efcbe34c796b50bb2f5855f,Admin Matias Arranz Garcia,5efcbe34c796b50bb2f5855f,13/Nov/20 16:26,16/Nov/20 12:08,30/Jun/21 16:25,,,0,X11,,,,Admin Matias Arranz Garcia,,5efcbe34c796b50bb2f5855f,,,,,,,,,,,,,,,,,,,,,,,,,,,,,,,,,,,,,,,,,,,,,,,,,,,,,,,,,,,{},,0|i03l4l:,,,,40571,TLM connection check,To Do
SPSR,X11-38,40592,Epic,To Do,X11,X11,software,Arttu Tiainen,5f3a7facfdc3f5003f9cb843,,Medium,,,,Admin Matias Arranz Garcia,5efcbe34c796b50bb2f5855f,Admin Matias Arranz Garcia,5efcbe34c796b50bb2f5855f,13/Nov/20 16:26,30/Jun/21 15:54,30/Jun/21 16:25,,06/Jan/21 00:00,0,X11,,[https://iceyedev.atlassian.net/wiki/spaces/SMS/pages/2251358520/ICEYE-SM-PCD-0193+SPSR+Integration+Procedure|https://iceyedev.atlassian.net/wiki/spaces/SMS/pages/2251358520/ICEYE-SM-PCD-0193+SPSR+Integration+Procedure|smart-link],,Admin Matias Arranz Garcia,,5efcbe34c796b50bb2f5855f,,,,,,,,,,,,,,,,,,,,,,,,,,,,,,,,,,,,,,,,,,,,,,,,,,,,,,,,,,,{},dark_orange,0|i03l4d:,30/Dec/20 00:00,,,,,To Do
System Level Check Group 13,X11-37,40591,Epic,To Do,X11,X11,software,Arttu Tiainen,5f3a7facfdc3f5003f9cb843,,Medium,,,,Admin Matias Arranz Garcia,5efcbe34c796b50bb2f5855f,Admin Matias Arranz Garcia,5efcbe34c796b50bb2f5855f,13/Nov/20 16:26,30/Jun/21 15:54,30/Jun/21 16:25,,28/Dec/20 00:00,0,X11,,,,Admin Matias Arranz Garcia,,5efcbe34c796b50bb2f5855f,,,,,,,,,,X11-38,,,,,,,,,,,,,,,,,,,,,,,,,,,,,,,,,,,,,,,,,,,,,,,,,{},yellow,0|i03l45:,20/Dec/20 00:00,,,,,To Do
System Level Check Group 12,X11-36,40590,Epic,To Do,X11,X11,software,Arttu Tiainen,5f3a7facfdc3f5003f9cb843,,Medium,,,,Admin Matias Arranz Garcia,5efcbe34c796b50bb2f5855f,Admin Matias Arranz Garcia,5efcbe34c796b50bb2f5855f,13/Nov/20 16:26,30/Jun/21 15:54,30/Jun/21 16:25,,17/Dec/20 00:00,0,X11,,,,Admin Matias Arranz Garcia,,5efcbe34c796b50bb2f5855f,,,,,,,,,,X11-37,,,,,,,,,,,,,,,,,,,,,,,,,,,,,,,,,,,,,,,,,,,,,,,,,{},yellow,0|i03l3x:,04/Dec/20 00:00,,,,,To Do
System Level Check Group 11,X11-35,40589,Epic,To Do,X11,X11,software,Arttu Tiainen,5f3a7facfdc3f5003f9cb843,,Medium,,,,Admin Matias Arranz Garcia,5efcbe34c796b50bb2f5855f,Admin Matias Arranz Garcia,5efcbe34c796b50bb2f5855f,13/Nov/20 16:26,30/Jun/21 15:54,30/Jun/21 16:25,,02/Dec/20 00:00,0,X11,,,,Admin Matias Arranz Garcia,,5efcbe34c796b50bb2f5855f,,,,,,,,,,X11-36,,,,,,,,,,,,,,,,,,,,,,,,,,,,,,,,,,,,,,,,,,,,,,,,,{},yellow,0|i03l3p:,22/Nov/20 00:00,,,,,To Do
Close-up - MLI and Stow,X11-34,40588,Epic,To Do,X11,X11,software,Arttu Tiainen,5f3a7facfdc3f5003f9cb843,,Medium,,,,Admin Matias Arranz Garcia,5efcbe34c796b50bb2f5855f,Admin Matias Arranz Garcia,5efcbe34c796b50bb2f5855f,13/Nov/20 16:26,30/Jun/21 15:54,30/Jun/21 16:25,,19/Nov/20 00:00,0,X11,,[https://iceyedev.atlassian.net/wiki/spaces/SMS/pages/2243592843/ICEYE-SM-PCD-0151+Close-up+-+MLI+and+Stow+Procedure|https://iceyedev.atlassian.net/wiki/spaces/SMS/pages/2243592843/ICEYE-SM-PCD-0151+Close-up+-+MLI+and+Stow+Procedure|smart-link],,Admin Matias Arranz Garcia,,5efcbe34c796b50bb2f5855f,,,,,,,,,,X11-35,,,,,,,,,,,,,,,,,,,,,,,,,,,,,,,,,,,,,,,,,,,,,,,,,{},purple,0|i03l3h:,13/Nov/20 00:00,,,,,To Do
System Level Check Group 9,X11-33,40587,Epic,To Do,X11,X11,software,Arttu Tiainen,5f3a7facfdc3f5003f9cb843,,Medium,,,,Admin Matias Arranz Garcia,5efcbe34c796b50bb2f5855f,Admin Matias Arranz Garcia,5efcbe34c796b50bb2f5855f,13/Nov/20 16:26,30/Jun/21 15:54,30/Jun/21 16:25,,11/Nov/20 00:00,0,X11,,[https://iceyedev.atlassian.net/wiki/spaces/SMS/pages/1632764086/System+Level+Checks+-+Group+9+-+ADCS+tests|https://iceyedev.atlassian.net/wiki/spaces/SMS/pages/1632764086/System+Level+Checks+-+Group+9+-+ADCS+tests|smart-link] ,,Admin Matias Arranz Garcia,,5efcbe34c796b50bb2f5855f,,,,,,,,,,X11-34,,,,,,,,,,,,,,,,,,,,,,,,,,,,,,,,,,,,,,,,,,,,,,,,,{},yellow,0|i03l39:,07/Nov/20 00:00,,,,,To Do
Harness 6,X11-32,40586,Epic,To Do,X11,X11,software,Arttu Tiainen,5f3a7facfdc3f5003f9cb843,,Medium,,,,Admin Matias Arranz Garcia,5efcbe34c796b50bb2f5855f,Admin Matias Arranz Garcia,5efcbe34c796b50bb2f5855f,13/Nov/20 16:26,30/Jun/21 15:54,30/Jun/21 16:25,,06/Nov/20 00:00,0,X11,,[https://iceyedev.atlassian.net/wiki/spaces/SMS/pages/2248048702/ICEYE-SM-PCD-0166+Harness+6+Integration+Procedure|https://iceyedev.atlassian.net/wiki/spaces/SMS/pages/2248048702/ICEYE-SM-PCD-0166+Harness+6+Integration+Procedure|smart-link],,Admin Matias Arranz Garcia,,5efcbe34c796b50bb2f5855f,,,,,,,,,,X11-33,,,,,,,,,,,,,,,,,,,,,,,,,,,,,,,,,,,,,,,,,,,,,,,,,{},purple,0|i03l31:,26/Oct/20 00:00,,,,,To Do
Deployment Switches,X11-31,40585,Epic,To Do,X11,X11,software,Arttu Tiainen,5f3a7facfdc3f5003f9cb843,,Medium,,,,Admin Matias Arranz Garcia,5efcbe34c796b50bb2f5855f,Admin Matias Arranz Garcia,5efcbe34c796b50bb2f5855f,13/Nov/20 16:26,30/Jun/21 15:54,30/Jun/21 16:25,,23/Oct/20 00:00,0,X11,,[https://iceyedev.atlassian.net/wiki/spaces/SMS/pages/2243756376/ICEYE-SM-PCD-0154+Deployment+Switches+Procedure|https://iceyedev.atlassian.net/wiki/spaces/SMS/pages/2243756376/ICEYE-SM-PCD-0154+Deployment+Switches+Procedure|smart-link],,Admin Matias Arranz Garcia,,5efcbe34c796b50bb2f5855f,,,,,,,,,,X11-32,,,,,,,,,,,,,,,,,,,,,,,,,,,,,,,,,,,,,,,,,,,,,,,,,{},purple,0|i03l2t:,19/Oct/20 00:00,,,,,To Do
OBC Small,X11-30,40584,Epic,To Do,X11,X11,software,Arttu Tiainen,5f3a7facfdc3f5003f9cb843,,Medium,,,,Admin Matias Arranz Garcia,5efcbe34c796b50bb2f5855f,Admin Matias Arranz Garcia,5efcbe34c796b50bb2f5855f,13/Nov/20 16:26,30/Jun/21 15:54,30/Jun/21 16:25,,04/Oct/20 00:00,0,X11,,[https://iceyedev.atlassian.net/wiki/spaces/SMS/pages/2249392190/ICEYE-SM-PCD-0172+OBC+Small+Integration+Procedure|https://iceyedev.atlassian.net/wiki/spaces/SMS/pages/2249392190/ICEYE-SM-PCD-0172+OBC+Small+Integration+Procedure|smart-link],,Admin Matias Arranz Garcia,,5efcbe34c796b50bb2f5855f,,,,,,,,,,X11-17,X11-32,,,,,,,,,,,,,,,,,,,,,,,,,,,,,,,,,,,,,,,,,,,,,,,,{},purple,0|i03l2l:,29/Sep/20 00:00,,,,,To Do
System Level Check Group 10,X11-29,40583,Epic,To Do,X11,X11,software,Arttu Tiainen,5f3a7facfdc3f5003f9cb843,,Medium,,,,Admin Matias Arranz Garcia,5efcbe34c796b50bb2f5855f,Admin Matias Arranz Garcia,5efcbe34c796b50bb2f5855f,13/Nov/20 16:26,30/Jun/21 15:54,30/Jun/21 16:25,,31/Oct/20 00:00,0,X11,,,,Admin Matias Arranz Garcia,,5efcbe34c796b50bb2f5855f,,,,,,,,,,X11-33,,,,,,,,,,,,,,,,,,,,,,,,,,,,,,,,,,,,,,,,,,,,,,,,,{},yellow,0|i03l2d:,25/Oct/20 00:00,,,,,To Do
Harness 5,X11-28,40582,Epic,To Do,X11,X11,software,Arttu Tiainen,5f3a7facfdc3f5003f9cb843,,Medium,,,,Admin Matias Arranz Garcia,5efcbe34c796b50bb2f5855f,Admin Matias Arranz Garcia,5efcbe34c796b50bb2f5855f,13/Nov/20 16:26,30/Jun/21 15:54,30/Jun/21 16:25,,22/Oct/20 00:00,0,X11,,[https://iceyedev.atlassian.net/wiki/spaces/SMS/pages/2248015905/ICEYE-SM-PCD-0165+Harness+5+Integration+Procedure|https://iceyedev.atlassian.net/wiki/spaces/SMS/pages/2248015905/ICEYE-SM-PCD-0165+Harness+5+Integration+Procedure|smart-link],,Admin Matias Arranz Garcia,,5efcbe34c796b50bb2f5855f,,,,,,,,,,X11-29,,,,,,,,,,,,,,,,,,,,,,,,,,,,,,,,,,,,,,,,,,,,,,,,,{},purple,0|i03l25:,14/Oct/20 00:00,,,,,To Do
ADCS,X11-27,40581,Epic,To Do,X11,X11,software,Arttu Tiainen,5f3a7facfdc3f5003f9cb843,,Medium,,,,Admin Matias Arranz Garcia,5efcbe34c796b50bb2f5855f,Admin Matias Arranz Garcia,5efcbe34c796b50bb2f5855f,13/Nov/20 16:26,16/Nov/20 12:07,30/Jun/21 16:25,,10/Oct/20 00:00,0,X11,,[https://iceyedev.atlassian.net/wiki/spaces/SMS/pages/2243756091/ICEYE-SM-PCD-0133+ADCS+Integration+Procedure|https://iceyedev.atlassian.net/wiki/spaces/SMS/pages/2243756091/ICEYE-SM-PCD-0133+ADCS+Integration+Procedure|smart-link],,Admin Matias Arranz Garcia,,5efcbe34c796b50bb2f5855f,,,,,,,,,,X11-28,,,,,,,,,,,,,,,,,,,,,,,,,,,,,,,,,,,,,,,,,,,,,,,,,{},purple,0|i03l1x:,30/Sep/20 00:00,,,,,To Do
System Level Check Group 8,X11-26,40580,Epic,To Do,X11,X11,software,Arttu Tiainen,5f3a7facfdc3f5003f9cb843,,Medium,,,,Admin Matias Arranz Garcia,5efcbe34c796b50bb2f5855f,Admin Matias Arranz Garcia,5efcbe34c796b50bb2f5855f,13/Nov/20 16:26,16/Nov/20 12:07,30/Jun/21 16:25,,14/Oct/20 00:00,0,X11,,,,Admin Matias Arranz Garcia,,5efcbe34c796b50bb2f5855f,,,,,,,,,,X11-33,,,,,,,,,,,,,,,,,,,,,,,,,,,,,,,,,,,,,,,,,,,,,,,,,{},yellow,0|i03l1p:,05/Oct/20 00:00,,,,,To Do
System Level Check Group 7,X11-25,40579,Epic,To Do,X11,X11,software,Arttu Tiainen,5f3a7facfdc3f5003f9cb843,,Medium,,,,Admin Matias Arranz Garcia,5efcbe34c796b50bb2f5855f,Admin Matias Arranz Garcia,5efcbe34c796b50bb2f5855f,13/Nov/20 16:26,30/Jun/21 15:54,30/Jun/21 16:25,,08/Oct/20 00:00,0,X11,,,,Admin Matias Arranz Garcia,,5efcbe34c796b50bb2f5855f,,,,,,,,,,X11-33,,,,,,,,,,,,,,,,,,,,,,,,,,,,,,,,,,,,,,,,,,,,,,,,,{},yellow,0|i03l1h:,30/Sep/20 00:00,,,,,To Do
Harness 4,X11-24,40578,Epic,To Do,X11,X11,software,Arttu Tiainen,5f3a7facfdc3f5003f9cb843,,Medium,,,,Admin Matias Arranz Garcia,5efcbe34c796b50bb2f5855f,Admin Matias Arranz Garcia,5efcbe34c796b50bb2f5855f,13/Nov/20 16:26,30/Jun/21 15:54,30/Jun/21 16:25,,30/Sep/20 00:00,0,X11,,[https://iceyedev.atlassian.net/wiki/spaces/SMS/pages/2243756959/ICEYE-SM-PCD-0164+Harness+4+Integration+Procedure|https://iceyedev.atlassian.net/wiki/spaces/SMS/pages/2243756959/ICEYE-SM-PCD-0164+Harness+4+Integration+Procedure|smart-link],,Admin Matias Arranz Garcia,,5efcbe34c796b50bb2f5855f,,,,,,,,,,X11-25,,,,,,,,,,,,,,,,,,,,,,,,,,,,,,,,,,,,,,,,,,,,,,,,,{},purple,0|i03l19:,26/Sep/20 00:00,,,,,To Do
SOLP,X11-23,40577,Epic,To Do,X11,X11,software,Arttu Tiainen,5f3a7facfdc3f5003f9cb843,,Medium,,,,Admin Matias Arranz Garcia,5efcbe34c796b50bb2f5855f,Admin Matias Arranz Garcia,5efcbe34c796b50bb2f5855f,13/Nov/20 16:26,30/Jun/21 15:54,30/Jun/21 16:25,,23/Sep/20 00:00,0,X11,,[https://iceyedev.atlassian.net/wiki/spaces/SMS/pages/2248278044/ICEYE-SM-PCD-0189+SOLP+Integration+Procedure|https://iceyedev.atlassian.net/wiki/spaces/SMS/pages/2248278044/ICEYE-SM-PCD-0189+SOLP+Integration+Procedure|smart-link],,Admin Matias Arranz Garcia,,5efcbe34c796b50bb2f5855f,,,,,,,,,,X11-24,,,,,,,,,,,,,,,,,,,,,,,,,,,,,,,,,,,,,,,,,,,,,,,,,{},purple,0|i03l11:,17/Sep/20 00:00,,,,,To Do
System Level Check Group 5,X11-22,40576,Epic,To Do,X11,X11,software,Arttu Tiainen,5f3a7facfdc3f5003f9cb843,,Medium,,,,Admin Matias Arranz Garcia,5efcbe34c796b50bb2f5855f,Admin Matias Arranz Garcia,5efcbe34c796b50bb2f5855f,13/Nov/20 16:26,30/Jun/21 15:54,30/Jun/21 16:25,,06/Oct/20 00:00,0,X11,,[https://iceyedev.atlassian.net/wiki/spaces/SMS/pages/1632633050/System+Level+Checks+-+Group+5+-+Subsystem+checks|https://iceyedev.atlassian.net/wiki/spaces/SMS/pages/1632633050/System+Level+Checks+-+Group+5+-+Subsystem+checks|smart-link] ,,Admin Matias Arranz Garcia,,5efcbe34c796b50bb2f5855f,,,,,,,,,,X11-33,,,,,,,,,,,,,,,,,,,,,,,,,,,,,,,,,,,,,,,,,,,,,,,,,{},yellow,0|i03l0t:,29/Sep/20 00:00,,,,,To Do
Harness 3,X11-21,40575,Epic,To Do,X11,X11,software,Arttu Tiainen,5f3a7facfdc3f5003f9cb843,,Medium,,,,Admin Matias Arranz Garcia,5efcbe34c796b50bb2f5855f,Admin Matias Arranz Garcia,5efcbe34c796b50bb2f5855f,13/Nov/20 16:26,30/Jun/21 15:54,30/Jun/21 16:25,,29/Sep/20 00:00,0,X11,,[https://iceyedev.atlassian.net/wiki/spaces/SMS/pages/2243791485/ICEYE-SM-PCD-0163+Harness+3+Integration+Procedure|https://iceyedev.atlassian.net/wiki/spaces/SMS/pages/2243791485/ICEYE-SM-PCD-0163+Harness+3+Integration+Procedure|smart-link],,Admin Matias Arranz Garcia,,5efcbe34c796b50bb2f5855f,,,,,,,,,,X11-22,,,,,,,,,,,,,,,,,,,,,,,,,,,,,,,,,,,,,,,,,,,,,,,,,{},purple,0|i03l0l:,24/Sep/20 00:00,,,,,To Do
Propulsion,X11-20,40574,Epic,To Do,X11,X11,software,Arttu Tiainen,5f3a7facfdc3f5003f9cb843,,Medium,,,,Admin Matias Arranz Garcia,5efcbe34c796b50bb2f5855f,Admin Matias Arranz Garcia,5efcbe34c796b50bb2f5855f,13/Nov/20 16:26,30/Jun/21 15:54,30/Jun/21 16:25,,24/Sep/20 00:00,0,X11,,[https://iceyedev.atlassian.net/wiki/spaces/SMS/pages/2250965275/ICEYE-SM-PCD-0181+Propulsion+Integration+Procedure|https://iceyedev.atlassian.net/wiki/spaces/SMS/pages/2250965275/ICEYE-SM-PCD-0181+Propulsion+Integration+Procedure|smart-link],,Admin Matias Arranz Garcia,,5efcbe34c796b50bb2f5855f,,,,,,,,,,X11-21,,,,,,,,,,,,,,,,,,,,,,,,,,,,,,,,,,,,,,,,,,,,,,,,,{},purple,0|i03l0d:,16/Sep/20 00:00,,,,,To Do
System Level Check Group 3,X11-19,40573,Epic,To Do,X11,X11,software,Arttu Tiainen,5f3a7facfdc3f5003f9cb843,,Medium,,,,Admin Matias Arranz Garcia,5efcbe34c796b50bb2f5855f,Admin Matias Arranz Garcia,5efcbe34c796b50bb2f5855f,13/Nov/20 16:26,30/Jun/21 15:54,30/Jun/21 16:25,,22/Oct/20 00:00,0,X11,,[https://iceyedev.atlassian.net/wiki/spaces/SMS/pages/1632469217/System+Level+Checks+-+Group+3+-+Radio+test+and+Anechoic|https://iceyedev.atlassian.net/wiki/spaces/SMS/pages/1632469217/System+Level+Checks+-+Group+3+-+Radio+test+and+Anechoic|smart-link] ,,Admin Matias Arranz Garcia,,5efcbe34c796b50bb2f5855f,,,,,,,,,,X11-29,,,,,,,,,,,,,,,,,,,,,,,,,,,,,,,,,,,,,,,,,,,,,,,,,{},yellow,0|i03l05:,19/Oct/20 00:00,,,,,To Do
System Level Check Group 2,X11-18,40572,Epic,To Do,X11,X11,software,Arttu Tiainen,5f3a7facfdc3f5003f9cb843,,Medium,,,,Admin Matias Arranz Garcia,5efcbe34c796b50bb2f5855f,Admin Matias Arranz Garcia,5efcbe34c796b50bb2f5855f,13/Nov/20 16:26,30/Jun/21 15:54,30/Jun/21 16:25,,15/Oct/20 00:00,0,X11,,[https://iceyedev.atlassian.net/wiki/spaces/SMS/pages/1632633037/System+Level+Checks+-+Group+2+-+Imaging|https://iceyedev.atlassian.net/wiki/spaces/SMS/pages/1632633037/System+Level+Checks+-+Group+2+-+Imaging|smart-link] ,,Admin Matias Arranz Garcia,,5efcbe34c796b50bb2f5855f,,,,,,,,,,X11-19,,,,,,,,,,,,,,,,,,,,,,,,,,,,,,,,,,,,,,,,,,,,,,,,,{},yellow,0|i03kzx:,06/Oct/20 00:00,,,,,To Do
TLM connection check,X11-17,40571,Epic,To Do,X11,X11,software,Arttu Tiainen,5f3a7facfdc3f5003f9cb843,,Medium,,,,Admin Matias Arranz Garcia,5efcbe34c796b50bb2f5855f,Admin Matias Arranz Garcia,5efcbe34c796b50bb2f5855f,13/Nov/20 16:26,30/Jun/21 15:54,30/Jun/21 16:25,,16/Oct/20 00:00,0,X11,,,,Admin Matias Arranz Garcia,,5efcbe34c796b50bb2f5855f,,,,,,,,,,X11-19,,,,,,,,,,,,,,,,,,,,,,,,,,,,,,,,,,,,,,,,,,,,,,,,,{},yellow,0|i03kzp:,06/Oct/20 00:00,,,,,To Do
System Level Check Group 1,X11-16,40570,Epic,To Do,X11,X11,software,Arttu Tiainen,5f3a7facfdc3f5003f9cb843,,Medium,,,,Admin Matias Arranz Garcia,5efcbe34c796b50bb2f5855f,Admin Matias Arranz Garcia,5efcbe34c796b50bb2f5855f,13/Nov/20 16:26,30/Jun/21 15:54,30/Jun/21 16:25,,04/Oct/20 00:00,0,X11,,[https://iceyedev.atlassian.net/wiki/spaces/SMS/pages/1488846849/System+Level+Checks+-+Group+1|https://iceyedev.atlassian.net/wiki/spaces/SMS/pages/1488846849/System+Level+Checks+-+Group+1|smart-link] ,,Admin Matias Arranz Garcia,,5efcbe34c796b50bb2f5855f,,,,,,,,,,X11-18,,,,,,,,,,,,,,,,,,,,,,,,,,,,,,,,,,,,,,,,,,,,,,,,,{},yellow,0|i03kzh:,01/Oct/20 00:00,,,,,To Do
Harness 2,X11-15,40569,Epic,To Do,X11,X11,software,Arttu Tiainen,5f3a7facfdc3f5003f9cb843,,Medium,,,,Admin Matias Arranz Garcia,5efcbe34c796b50bb2f5855f,Admin Matias Arranz Garcia,5efcbe34c796b50bb2f5855f,13/Nov/20 16:26,30/Jun/21 15:54,30/Jun/21 16:25,,30/Sep/20 00:00,0,X11,,[https://iceyedev.atlassian.net/wiki/spaces/SMS/pages/2243756949/ICEYE-SM-PCD-0162+Harness+2+Integration+Procedure|https://iceyedev.atlassian.net/wiki/spaces/SMS/pages/2243756949/ICEYE-SM-PCD-0162+Harness+2+Integration+Procedure|smart-link],,Admin Matias Arranz Garcia,,5efcbe34c796b50bb2f5855f,,,,,,,,,,X11-16,,,,,,,,,,,,,,,,,,,,,,,,,,,,,,,,,,,,,,,,,,,,,,,,,"{pullrequest={dataType=pullrequest, state=MERGED, stateCount=1}, json={""cachedValue"":{""errors"":[],""summary"":{""pullrequest"":{""overall"":{""count"":1,""lastUpdated"":""2021-06-14T17:22:25.000+0300"",""stateCount"":1,""state"":""MERGED"",""dataType"":""pullrequest"",""open"":false},""byInstanceType"":{""GitHub"":{""count"":1,""name"":""GitHub""}}}}},""isStale"":true}}",purple,0|i03kz9:,23/Sep/20 00:00,,,,,To Do
Payload,X11-14,40568,Epic,To Do,X11,X11,software,Arttu Tiainen,5f3a7facfdc3f5003f9cb843,,Medium,,,,Admin Matias Arranz Garcia,5efcbe34c796b50bb2f5855f,Admin Matias Arranz Garcia,5efcbe34c796b50bb2f5855f,13/Nov/20 16:26,30/Jun/21 15:54,30/Jun/21 16:25,,21/Sep/20 00:00,0,X11,,[https://iceyedev.atlassian.net/wiki/spaces/SMS/pages/2251555116/ICEYE-SM-PCD-0176+Payload+Integration+Procedure|https://iceyedev.atlassian.net/wiki/spaces/SMS/pages/2251555116/ICEYE-SM-PCD-0176+Payload+Integration+Procedure|smart-link],,Admin Matias Arranz Garcia,,5efcbe34c796b50bb2f5855f,,,,,,,,,,X11-15,,,,,,,,,,,,,,,,,,,,,,,,,,,,,,,,,,,,,,,,,,,,,,,,,{},purple,0|i03kz1:,14/Sep/20 00:00,,,,,To Do
XANT,X11-13,40567,Epic,To Do,X11,X11,software,Arttu Tiainen,5f3a7facfdc3f5003f9cb843,,Medium,,,,Admin Matias Arranz Garcia,5efcbe34c796b50bb2f5855f,Admin Matias Arranz Garcia,5efcbe34c796b50bb2f5855f,13/Nov/20 16:26,30/Jun/21 15:54,30/Jun/21 16:25,,19/Sep/20 00:00,0,X11,,[https://iceyedev.atlassian.net/wiki/spaces/SMS/pages/2251391313/ICEYE-SM-PCD-0205+XANT+Integration+Procedure|https://iceyedev.atlassian.net/wiki/spaces/SMS/pages/2251391313/ICEYE-SM-PCD-0205+XANT+Integration+Procedure|smart-link],,Admin Matias Arranz Garcia,,5efcbe34c796b50bb2f5855f,,,,,,,,,,X11-15,,,,,,,,,,,,,,,,,,,,,,,,,,,,,,,,,,,,,,,,,,,,,,,,,{},purple,0|i03kyt:,12/Sep/20 00:00,,,,,To Do
Filters,X11-12,40566,Epic,To Do,X11,X11,software,Arttu Tiainen,5f3a7facfdc3f5003f9cb843,,Medium,,,,Admin Matias Arranz Garcia,5efcbe34c796b50bb2f5855f,Admin Matias Arranz Garcia,5efcbe34c796b50bb2f5855f,13/Nov/20 16:26,30/Jun/21 15:54,30/Jun/21 16:25,,18/Sep/20 00:00,0,X11,,[https://iceyedev.atlassian.net/wiki/spaces/SMS/pages/2246115370/ICEYE-SM-PCD-0156+Filters+Integration+Procedure|https://iceyedev.atlassian.net/wiki/spaces/SMS/pages/2246115370/ICEYE-SM-PCD-0156+Filters+Integration+Procedure|smart-link],,Admin Matias Arranz Garcia,,5efcbe34c796b50bb2f5855f,,,,,,,,,,X11-15,,,,,,,,,,,,,,,,,,,,,,,,,,,,,,,,,,,,,,,,,,,,,,,,,{},purple,0|i03kyl:,11/Sep/20 00:00,,,,,To Do
CDRLite,X11-11,40565,Epic,To Do,X11,X11,software,Arttu Tiainen,5f3a7facfdc3f5003f9cb843,,Medium,,Joel Shaji,5f6ae89bf0d40100703f3662,Admin Matias Arranz Garcia,5efcbe34c796b50bb2f5855f,Admin Matias Arranz Garcia,5efcbe34c796b50bb2f5855f,13/Nov/20 16:26,30/Jun/21 15:54,30/Jun/21 16:25,,17/Sep/20 00:00,0,X11,,[https://iceyedev.atlassian.net/wiki/spaces/SMS/pages/2245591063/ICEYE-SM-PCD-0148+CDRLite+Integration+Procedure|https://iceyedev.atlassian.net/wiki/spaces/SMS/pages/2245591063/ICEYE-SM-PCD-0148+CDRLite+Integration+Procedure|smart-link],,Admin Matias Arranz Garcia,,5efcbe34c796b50bb2f5855f,,,,,,,,,,,,,,,,,,,,,,,,,,,,,,,,,,,,,,,,,,,,,,,,,,,,,,,,,,,{},purple,0|i03kyd:,10/Sep/20 00:00,,,,,To Do
RPU & IHXBR installation,X11-10,40564,Epic,To Do,X11,X11,software,Arttu Tiainen,5f3a7facfdc3f5003f9cb843,,Medium,,,,Admin Matias Arranz Garcia,5efcbe34c796b50bb2f5855f,Admin Matias Arranz Garcia,5efcbe34c796b50bb2f5855f,13/Nov/20 16:26,30/Jun/21 15:54,30/Jun/21 16:25,,18/Sep/20 00:00,0,X11,,[https://iceyedev.atlassian.net/wiki/spaces/SMS/pages/2249359712|https://iceyedev.atlassian.net/wiki/spaces/SMS/pages/2249359712|smart-link],,Admin Matias Arranz Garcia,,5efcbe34c796b50bb2f5855f,,,,,,,,,,X11-15,,,,,,,,,,,,,,,,,,,,,,,,,,,,,,,,,,,,,,,,,,,,,,,,,{},purple,0|i03ky5:,13/Sep/20 00:00,,,,,To Do
System Level Check Group 4,X11-9,40563,Epic,To Do,X11,X11,software,Arttu Tiainen,5f3a7facfdc3f5003f9cb843,,Medium,,,,Admin Matias Arranz Garcia,5efcbe34c796b50bb2f5855f,Admin Matias Arranz Garcia,5efcbe34c796b50bb2f5855f,13/Nov/20 16:26,30/Jun/21 15:54,30/Jun/21 16:25,,26/Sep/20 00:00,0,X11,,[https://iceyedev.atlassian.net/wiki/spaces/SMS/pages/1632600238/System+Level+Checks+-+Group+4+-+Battery+tests+and+Watchdog|https://iceyedev.atlassian.net/wiki/spaces/SMS/pages/1632600238/System+Level+Checks+-+Group+4+-+Battery+tests+and+Watchdog|smart-link] ,,Admin Matias Arranz Garcia,,5efcbe34c796b50bb2f5855f,,,,,,,,,,X11-16,,,,,,,,,,,,,,,,,,,,,,,,,,,,,,,,,,,,,,,,,,,,,,,,,{},yellow,0|i03kxx:,19/Sep/20 00:00,,,,,To Do
Harness 1,X11-8,40562,Epic,In Progress,X11,X11,software,Arttu Tiainen,5f3a7facfdc3f5003f9cb843,,Medium,,Gjorgji Cergarski,5ca1c324e935e80e41c3b3b8,Admin Matias Arranz Garcia,5efcbe34c796b50bb2f5855f,Admin Matias Arranz Garcia,5efcbe34c796b50bb2f5855f,13/Nov/20 16:26,30/Jun/21 15:54,30/Jun/21 16:25,,17/Sep/20 00:00,0,X11,,[https://iceyedev.atlassian.net/wiki/spaces/SMS/pages/2248048663/ICEYE-SM-PCD-0161+Harness+1+Integration+Procedure|https://iceyedev.atlassian.net/wiki/spaces/SMS/pages/2248048663/ICEYE-SM-PCD-0161+Harness+1+Integration+Procedure|smart-link],,Admin Matias Arranz Garcia,,5efcbe34c796b50bb2f5855f,,,,,,,,,,X11-9,,,,,,,,,,,,,,,,,,,,,,,,,,,,,,,,,,,,,,,,,,,,,,,,,{},purple,0|i03kxp:,11/Sep/20 00:00,,,,,In Progress
OBC-Big,X11-7,40561,Epic,To Do,X11,X11,software,Arttu Tiainen,5f3a7facfdc3f5003f9cb843,,Medium,,,,Admin Matias Arranz Garcia,5efcbe34c796b50bb2f5855f,Admin Matias Arranz Garcia,5efcbe34c796b50bb2f5855f,13/Nov/20 16:26,30/Jun/21 15:54,30/Jun/21 16:25,,31/Aug/20 00:00,0,X11,,[https://iceyedev.atlassian.net/wiki/spaces/SMS/pages/2251259952/ICEYE-SM-PCD-0174+OBC-Big+Integration+Procedure|https://iceyedev.atlassian.net/wiki/spaces/SMS/pages/2251259952/ICEYE-SM-PCD-0174+OBC-Big+Integration+Procedure|smart-link],,Admin Matias Arranz Garcia,,5efcbe34c796b50bb2f5855f,,,,,,,,,,X11-8,X11-17,,,,,,,,,,,,,,,,,,,,,,,,,,,,,,,,,,,,,,,,,,,,,,,,{},purple,0|i03kxh:,24/Aug/20 00:00,,,,,To Do
S-Band ANT,X11-6,40560,Epic,In Progress,X11,X11,software,Arttu Tiainen,5f3a7facfdc3f5003f9cb843,,Medium,,Arno Alho,5c2c744e63d3584fe075e694,Admin Matias Arranz Garcia,5efcbe34c796b50bb2f5855f,Admin Matias Arranz Garcia,5efcbe34c796b50bb2f5855f,13/Nov/20 16:26,30/Jun/21 15:54,30/Jun/21 16:25,,16/Sep/20 00:00,0,X11,,[https://iceyedev.atlassian.net/wiki/spaces/SMS/pages/2251489590/ICEYE-SM-PCD-0187+S-Band+ANT+Integration+Procedure|https://iceyedev.atlassian.net/wiki/spaces/SMS/pages/2251489590/ICEYE-SM-PCD-0187+S-Band+ANT+Integration+Procedure|smart-link],,Admin Matias Arranz Garcia,,5efcbe34c796b50bb2f5855f,,,,,,,,,,X11-17,,,,,,,,,,,,,,,,,,,,,,,,,,,,,,,,,,,,,,,,,,,,,,,,,{},purple,0|i03kx9:,04/Sep/20 00:00,,,,,In Progress
BATT,X11-5,40559,Epic,Done,X11,X11,software,Arttu Tiainen,5f3a7facfdc3f5003f9cb843,,Medium,Done,,,Admin Matias Arranz Garcia,5efcbe34c796b50bb2f5855f,Admin Matias Arranz Garcia,5efcbe34c796b50bb2f5855f,13/Nov/20 16:26,30/Jun/21 15:54,30/Jun/21 16:25,02/Feb/21 17:57,03/Sep/20 00:00,0,Template,X11,[https://iceyedev.atlassian.net/wiki/spaces/SMS/pages/2243788872/ICEYE-SM-PCD-0137+BATT+Integration+Procedure|https://iceyedev.atlassian.net/wiki/spaces/SMS/pages/2243788872/ICEYE-SM-PCD-0137+BATT+Integration+Procedure|smart-link],,Admin Matias Arranz Garcia,,5efcbe34c796b50bb2f5855f,,,,,,,,,,X11-8,X11-2,,,,,,,,,,,,,,,,,,,,,,,,,,,,,,,,,,,,,,,,,,,,,,,,{},purple,0|i03kx1:,29/Aug/20 00:00,,,,,Done
CONT,X11-4,40558,Epic,To be Verified,X11,X11,software,Arttu Tiainen,5f3a7facfdc3f5003f9cb843,,Medium,,Arno Alho,5c2c744e63d3584fe075e694,Admin Matias Arranz Garcia,5efcbe34c796b50bb2f5855f,Admin Matias Arranz Garcia,5efcbe34c796b50bb2f5855f,13/Nov/20 16:26,30/Jun/21 15:54,30/Jun/21 16:25,,24/Aug/20 00:00,0,Template,X11,[https://iceyedev.atlassian.net/wiki/spaces/SMS/pages/2245591078/ICEYE-SM-PCD-0152+CONT+Integration+Procedure|https://iceyedev.atlassian.net/wiki/spaces/SMS/pages/2245591078/ICEYE-SM-PCD-0152+CONT+Integration+Procedure|smart-link],,Admin Matias Arranz Garcia,,5efcbe34c796b50bb2f5855f,,,,,,,,,,X11-8,,,,,,,,,,,,,,,,,,,,,,,,,,,,,,,,,,,,,,,,,,,,,,,,,{},purple,0|i03kwt:,19/Aug/20 00:00,,,,,In Progress
PCMA,X11-3,40557,Epic,Done,X11,X11,software,Arttu Tiainen,5f3a7facfdc3f5003f9cb843,,Medium,Done,Joel Shaji,5f6ae89bf0d40100703f3662,Admin Matias Arranz Garcia,5efcbe34c796b50bb2f5855f,Admin Matias Arranz Garcia,5efcbe34c796b50bb2f5855f,13/Nov/20 16:26,30/Jun/21 15:54,30/Jun/21 16:25,02/Feb/21 18:00,05/Sep/20 00:00,0,Template,X11,[https://iceyedev.atlassian.net/wiki/spaces/SMS/pages/2251489556/ICEYE-SM-PCD-0180+PCMA+Integration+Procedure|https://iceyedev.atlassian.net/wiki/spaces/SMS/pages/2251489556/ICEYE-SM-PCD-0180+PCMA+Integration+Procedure|smart-link],,Admin Matias Arranz Garcia,,5efcbe34c796b50bb2f5855f,,,,,,,,,,X11-8,,,,,,,,,,,,,,AIVL-400,,,,,,,,,,,,,,,,,,,,,,,,,,,,,,,,,,,{},purple,0|i03kwl:,28/Aug/20 00:00,,,,,Done
WDOG,X11-2,40556,Epic,To Do,X11,X11,software,Arttu Tiainen,5f3a7facfdc3f5003f9cb843,,Medium,,,,Admin Matias Arranz Garcia,5efcbe34c796b50bb2f5855f,Admin Matias Arranz Garcia,5efcbe34c796b50bb2f5855f,13/Nov/20 16:26,30/Jun/21 15:54,30/Jun/21 16:25,,09/Sep/20 00:00,0,Template,X11,[https://iceyedev.atlassian.net/wiki/spaces/SMS/pages/2251325775/ICEYE-SM-PCD-0203+WDOG+Integration+Procedure|https://iceyedev.atlassian.net/wiki/spaces/SMS/pages/2251325775/ICEYE-SM-PCD-0203+WDOG+Integration+Procedure|smart-link],,Admin Matias Arranz Garcia,,5efcbe34c796b50bb2f5855f,,,,,,,,,,X11-8,,,,,,,,,,,,,,,,,,,,,,,,,,,,,,,,,,,,,,,,,,,,,,,,,{},purple,0|i03kwd:,05/Sep/20 00:00,,,,,To Do
BUS,X11-1,40555,Epic,To be Verified,X11,X11,software,Arttu Tiainen,5f3a7facfdc3f5003f9cb843,,Medium,,Joel Shaji,5f6ae89bf0d40100703f3662,Admin Matias Arranz Garcia,5efcbe34c796b50bb2f5855f,Admin Matias Arranz Garcia,5efcbe34c796b50bb2f5855f,13/Nov/20 16:26,13/Mar/21 14:54,30/Jun/21 15:55,,16/Aug/20 00:00,0,X11,,[https://iceyedev.atlassian.net/wiki/spaces/SMS/pages/2243264679/ICEYE-SM-PCD-0142+BUS+Integration+Procedure|https://iceyedev.atlassian.net/wiki/spaces/SMS/pages/2243264679/ICEYE-SM-PCD-0142+BUS+Integration+Procedure|smart-link],,Admin Matias Arranz Garcia,,5efcbe34c796b50bb2f5855f,,,,,,,,,,X11-5,X11-4,X11-3,X11-6,X11-11,X11-12,X11-10,X11-7,X11-13,X11-30,X11-20,X11-14,X11-31,X11-23,,,,,,,,,,,,,,,,,,,,,,,,,,,,,,,,,,,,{},purple,0|i03kw5:,07/Aug/20 00:00,,,,,In Progress
