Assembly,Components
https://iceyedev.atlassian.net/browse/AIVL-2494,
https://iceyedev.atlassian.net/browse/AIVL-2481,
https://iceyedev.atlassian.net/browse/AIVL-2476,
https://iceyedev.atlassian.net/browse/AIVL-2477,
https://iceyedev.atlassian.net/browse/AIVL-2493,
https://iceyedev.atlassian.net/browse/AIVL-2521,
https://iceyedev.atlassian.net/browse/AIVL-2484,
https://iceyedev.atlassian.net/browse/AIVL-2501,
https://iceyedev.atlassian.net/browse/AIVL-2510,
https://iceyedev.atlassian.net/browse/AIVL-2511,
https://iceyedev.atlassian.net/browse/AIVL-2512,
https://iceyedev.atlassian.net/browse/AIVL-2513,
https://iceyedev.atlassian.net/browse/AIVL-2514,
https://iceyedev.atlassian.net/browse/AIVL-2515,
https://iceyedev.atlassian.net/browse/AIVL-2516,
https://iceyedev.atlassian.net/browse/AIVL-2517,
https://iceyedev.atlassian.net/browse/AIVL-2518,
https://iceyedev.atlassian.net/browse/AIVL-2519,
https://iceyedev.atlassian.net/browse/AIVL-2502,
https://iceyedev.atlassian.net/browse/AIVL-2520,
https://iceyedev.atlassian.net/browse/AIVL-2503,
https://iceyedev.atlassian.net/browse/AIVL-2504,
https://iceyedev.atlassian.net/browse/AIVL-2505,
https://iceyedev.atlassian.net/browse/AIVL-2506,
https://iceyedev.atlassian.net/browse/AIVL-2507,
https://iceyedev.atlassian.net/browse/AIVL-2508,
https://iceyedev.atlassian.net/browse/AIVL-2509,
https://iceyedev.atlassian.net/browse/AIVL-2522,
https://iceyedev.atlassian.net/browse/AIVL-2523,
https://iceyedev.atlassian.net/browse/AIVL-2483,
https://iceyedev.atlassian.net/browse/AIVL-2497,
https://iceyedev.atlassian.net/browse/AIVL-2498,
https://iceyedev.atlassian.net/browse/AIVL-2499,
https://iceyedev.atlassian.net/browse/AIVL-2500,
https://iceyedev.atlassian.net/browse/AIVL-2495,
https://iceyedev.atlassian.net/browse/AIVL-2485,
https://iceyedev.atlassian.net/browse/AIVL-2486,
https://iceyedev.atlassian.net/browse/AIVL-2487,
https://iceyedev.atlassian.net/browse/AIVL-2488,
https://iceyedev.atlassian.net/browse/AIVL-2489,
https://iceyedev.atlassian.net/browse/AIVL-2490,
https://iceyedev.atlassian.net/browse/AIVL-2491,
https://iceyedev.atlassian.net/browse/AIVL-2492,
https://iceyedev.atlassian.net/browse/AIVL-2478,
https://iceyedev.atlassian.net/browse/AIVL-2480,
https://iceyedev.atlassian.net/browse/AIVL-2525,
https://iceyedev.atlassian.net/browse/AIVL-2496,
https://iceyedev.atlassian.net/browse/AIVL-2524,
https://iceyedev.atlassian.net/browse/AIVL-2479,
https://iceyedev.atlassian.net/browse/AIVL-2482,
